,graph_name,noBranchingapc,BranchingAPC,pythonBranchingAPC,noBranching_time,BranchingAPC_time,pythonBranching_time,noBranchingFirstHalfTime,noBranchingMathTime,(no)longest for getrgf,(no)longest time,noBranchingCase,noBranchingGamma,BranchingFirstHalfTime,BranchingMathTime,longest for getrgf,longest time,case,gamma,pythonBranchingMathTime,pythonBranchingFirstHalfTime,(python)longest for getrgf,(python)longest time,pythonBranchingCase,pythonBranchingGamma
0,bead_sort_.bead_sort,0.369749676356311*1.29646623878369**n,0.25*2.0**n,0.369749676356311*1.29646623878369**n,5.233794450759888,2.2433836460113525,4.024796962738037,4.233521938323975,0.10276222229003906,gammaTime,4.207,1.0,-T0 + x**2*(x**16 - 3*x**13 + 3*x**10 - x**7)/(x**19 + x**17 + x**15 + x**14 + 3*x**13 + 2*x**12 + 2*x**11 - 2*x**10 - 3*x**9 - 5*x**8 - x**7 - 2*x**6 + 2*x**5 + x**4 + 3*x**3 - 1),1.6437876224517822,0.06723690032958984,gammaTime,1.62,1.0,(-T0*(4*x**9 + 2*x**8 - 2*x**7 + 6*x**6 - 7*x**5 - 6*x**4 + 4*x**3 + 6*x**2 - 5*x + 1) + x**6*(2*x**5 - 6*x**4 + 5*x**3 + x**2 - 3*x + 1))/(4*x**9 + 2*x**8 - 2*x**7 + 6*x**6 - 7*x**5 - 6*x**4 + 4*x**3 + 6*x**2 - 5*x + 1),0.10216903686523438,3.080999851226806,gammaTime,3.052,1.0,-T0 + x**2*(x**16 - 3*x**13 + 3*x**10 - x**7)/(x**19 + x**17 + x**15 + x**14 + 3*x**13 + 2*x**12 + 2*x**11 - 2*x**10 - 3*x**9 - 5*x**8 - x**7 - 2*x**6 + 2*x**5 + x**4 + 3*x**3 - 1)
1,binary_insertion_sort_.insertionSort,0.104279433436291*1.31757057715522**n,0.0609914550149258*1.67169988165716**n,0.104279433436291*1.31757057715522**n,0.9183306694030762,0.6509494781494141,0.8971121311187744,0.5639870166778564,0.06048846244812012,gammaTime,0.557,1.0,(-T0*(x**9*(2*x + 1) - (x**2 - 1)*(2*x**5 - 1)) - x**3*(x**2 - 1)*(2*x**5 - 1))/(x**9*(2*x + 1) - (x**2 - 1)*(2*x**5 - 1)),0.3644626140594482,0.03593111038208008,gammaTime,0.361,1.0,(-T0*(3*x**5 - (x - 1)*(2*x**3 - 1)) - x**3*(x - 1)*(2*x**3 - 1))/(3*x**5 - (x - 1)*(2*x**3 - 1)),0.05635714530944824,0.5237438678741455,gammaTime,0.518,1.0,(-T0*(x**9*(2*x + 1) - (x**2 - 1)*(2*x**5 - 1)) - x**3*(x**2 - 1)*(2*x**5 - 1))/(x**9*(2*x + 1) - (x**2 - 1)*(2*x**5 - 1))
2,bogo_sort_.bogo_sort,0.243026412699793*1.25114340025968**n,0.171568342581109*1.45711935858864**n,0.243026412699793*1.25114340025968**n,0.8180058002471924,0.6640350818634033,0.823209285736084,0.5009942054748535,0.05228757858276367,gammaTime,0.497,1.0,(-T0*x**9*(x + 1) + (x**3 - 1)*(T0*(x**3 - 1) + x**7*(x + 1)))/(x**9*(x + 1) - (x**3 - 1)**2),0.405442476272583,0.03226637840270996,gammaTime,0.402,1.0,(-2*T0*x**8 + (x - 1)*(T0*(x - 1) + 2*x**6))/(2*x**8 - (x - 1)**2),0.05096602439880371,0.5077862739562988,gammaTime,0.502,1.0,(-T0*x**9*(x + 1) + (x**3 - 1)*(T0*(x**3 - 1) + x**7*(x + 1)))/(x**9*(x + 1) - (x**3 - 1)**2)
3,bubble_sort_.bubbleSort,0.417237987926219*1.21060779440609**n,0.234486765987937*1.75487766624669**n,0.417237987926219*1.21060779440609**n,1.0912580490112305,0.5762200355529785,1.0271975994110107,0.4863693714141845,0.12233090400695801,gammaTime,0.481,1.0,(-T0*(x**8 + x**6 + x**4 - 1) + x**3*(x**8 - 1))/(x**8 + x**6 + x**4 - 1),0.306847333908081,0.018826007843017578,gammaTime,0.304,1.0,(-T0*(x**4 + x**2 + x - 1) + x**3*(x**4 - 1))/(x**4 + x**2 + x - 1),0.12683486938476562,0.4773385524749756,gammaTime,0.473,1.0,(-T0*(x**8 + x**6 + x**4 - 1) + x**3*(x**8 - 1))/(x**8 + x**6 + x**4 - 1)
4,bubble_sort_2_.bubble_sort,0.173947223947289*1.29064880134671**n,0.0177669529663687*2.41421356237309**n,0.173947223947289*1.29064880134671**n,0.5962681770324707,0.379551887512207,0.5920023918151855,0.3295073509216308,0.05451178550720215,gammaTime,0.326,1.0,(-T0*(x**5 + 2*x**4 - 1) + x**3*(x**5 + x**4 - 1))/(x**5 + 2*x**4 - 1),0.1815900802612304,0.014519453048706055,gammaTime,0.179,1.0,(-T0*(x**2 + 2*x - 1) + x**3*(2*x - 1))/(x**2 + 2*x - 1),0.054749250411987305,0.3206121921539306,gammaTime,0.318,1.0,(-T0*(x**5 + 2*x**4 - 1) + x**3*(x**5 + x**4 - 1))/(x**5 + 2*x**4 - 1)
5,bubble_sort_recursion_.bubbleSort,0.532705379942536*1.21060779440609**n,0.477324019657167*1.54368901269208**n,0.532705379942536*1.21060779440609**n,0.7714939117431641,0.4828829765319824,0.7005887031555176,0.4158759117126465,0.052652597427368164,gammaTime,0.412,1.0,(-T0*x**8 - T0*x**6 - T0*x**4 + T0 + x**11 + x**7 - x**5 - x**3)/(x**8 + x**4 - 1),0.2589395046234131,0.0234072208404541,gammaTime,0.256,1.0,(-2*T0*x**4 - T0*x + T0 + x**6 - x**2)/(x**4 + x - 1),0.0480799674987793,0.3876209259033203,gammaTime,0.384,1.0,(-T0*x**8 - T0*x**6 - T0*x**4 + T0 + x**11 + x**7 - x**5 - x**3)/(x**8 + x**4 - 1)
6,bucket_sort_.BucketSort,0.0041669339408508*1.39320507989707**n,5.13360993962073e-5*2.32891252213932**n,0.0041669339408508*1.39320507989707**n,50.679545402526855,17.86223840713501,52.08099174499512,45.70239162445069,0.2107701301574707,gammaTime,45.686,1.0,(-2*T0*x**41 - 5*T0*x**40 - 8*T0*x**39 - 12*T0*x**38 - 21*T0*x**37 - 29*T0*x**36 - 28*T0*x**35 - 21*T0*x**34 - 20*T0*x**33 - 9*T0*x**32 + 20*T0*x**31 + 51*T0*x**30 + 55*T0*x**29 + 52*T0*x**28 + 63*T0*x**27 + 59*T0*x**26 + 12*T0*x**25 - 33*T0*x**24 - 43*T0*x**23 - 41*T0*x**22 - 65*T0*x**21 - 68*T0*x**20 - 26*T0*x**19 + 10*T0*x**18 + 16*T0*x**17 + 19*T0*x**16 + 38*T0*x**15 + 37*T0*x**14 + 11*T0*x**13 - T0*x**12 - 8*T0*x**10 - 16*T0*x**9 - 11*T0*x**8 + T0*x**7 + T0*x**6 - 2*T0*x**5 + 2*T0*x**4 + 4*T0*x**3 + 2*T0*x**2 - T0*x - T0 + 2*x**26 + 3*x**25 + 2*x**24 - x**23 - x**22 + 4*x**21 + 2*x**20 - 4*x**19 - 5*x**18 - x**17 + 2*x**16 + x**15)/(2*x**41 + 5*x**40 + 8*x**39 + 12*x**38 + 21*x**37 + 29*x**36 + 28*x**35 + 21*x**34 + 20*x**33 + 9*x**32 - 20*x**31 - 51*x**30 - 55*x**29 - 52*x**28 - 63*x**27 - 59*x**26 - 12*x**25 + 33*x**24 + 43*x**23 + 41*x**22 + 65*x**21 + 68*x**20 + 26*x**19 - 10*x**18 - 16*x**17 - 19*x**16 - 38*x**15 - 37*x**14 - 11*x**13 + x**12 + 8*x**10 + 16*x**9 + 11*x**8 - x**7 - x**6 + 2*x**5 - 2*x**4 - 4*x**3 - 2*x**2 + x + 1),15.475340843200684,0.09337735176086426,gammaTime,15.466,1.0,(-8*T0*x**24 - 23*T0*x**23 - 16*T0*x**22 - 5*T0*x**21 - 12*T0*x**20 + T0*x**19 + 27*T0*x**18 + 22*T0*x**17 + 11*T0*x**16 + 32*T0*x**15 - 14*T0*x**14 - 21*T0*x**13 - T0*x**12 - 11*T0*x**11 - 16*T0*x**10 + 7*T0*x**9 + 10*T0*x**8 - 9*T0*x**7 + 23*T0*x**6 - 12*T0*x**5 - 3*T0*x**4 + 6*T0*x**3 - 8*T0*x**2 + 5*T0*x - T0 + 12*x**13 - 11*x**12 + 8*x**11 - 7*x**10 + 2*x**9)/(8*x**24 + 23*x**23 + 16*x**22 + 5*x**21 + 12*x**20 - x**19 - 27*x**18 - 22*x**17 - 11*x**16 - 32*x**15 + 14*x**14 + 21*x**13 + x**12 + 11*x**11 + 16*x**10 - 7*x**9 - 10*x**8 + 9*x**7 - 23*x**6 + 12*x**5 + 3*x**4 - 6*x**3 + 8*x**2 - 5*x + 1),0.19791960716247559,46.84448146820069,gammaTime,46.827,1.0,(-2*T0*x**41 - 5*T0*x**40 - 8*T0*x**39 - 12*T0*x**38 - 21*T0*x**37 - 29*T0*x**36 - 28*T0*x**35 - 21*T0*x**34 - 20*T0*x**33 - 9*T0*x**32 + 20*T0*x**31 + 51*T0*x**30 + 55*T0*x**29 + 52*T0*x**28 + 63*T0*x**27 + 59*T0*x**26 + 12*T0*x**25 - 33*T0*x**24 - 43*T0*x**23 - 41*T0*x**22 - 65*T0*x**21 - 68*T0*x**20 - 26*T0*x**19 + 10*T0*x**18 + 16*T0*x**17 + 19*T0*x**16 + 38*T0*x**15 + 37*T0*x**14 + 11*T0*x**13 - T0*x**12 - 8*T0*x**10 - 16*T0*x**9 - 11*T0*x**8 + T0*x**7 + T0*x**6 - 2*T0*x**5 + 2*T0*x**4 + 4*T0*x**3 + 2*T0*x**2 - T0*x - T0 + 2*x**26 + 3*x**25 + 2*x**24 - x**23 - x**22 + 4*x**21 + 2*x**20 - 4*x**19 - 5*x**18 - x**17 + 2*x**16 + x**15)/(2*x**41 + 5*x**40 + 8*x**39 + 12*x**38 + 21*x**37 + 29*x**36 + 28*x**35 + 21*x**34 + 20*x**33 + 9*x**32 - 20*x**31 - 51*x**30 - 55*x**29 - 52*x**28 - 63*x**27 - 59*x**26 - 12*x**25 + 33*x**24 + 43*x**23 + 41*x**22 + 65*x**21 + 68*x**20 + 26*x**19 - 10*x**18 - 16*x**17 - 19*x**16 - 38*x**15 - 37*x**14 - 11*x**13 + x**12 + 8*x**10 + 16*x**9 + 11*x**8 - x**7 - x**6 + 2*x**5 - 2*x**4 - 4*x**3 - 2*x**2 + x + 1)
7,cocktail_sort_.cocktailSort,0.173608633704986*1.30592340577239**n,0.0249223594996216*2.61803398874989**n,0.173608633704986*1.30592340577239**n,1.9042847156524656,0.5047988891601562,1.825727462768555,1.1721999645233154,0.06701087951660156,gammaTime,1.167,1.0,(-T0*(x**9 + 3*x**8 + 4*x**7 + 3*x**6 + 3*x**5 + x**4 - x**3 - x**2 - x - 1) + x**3*(x**9 + 2*x**8 + 2*x**7 + 2*x**6 + 2*x**5 - x**3 - x**2 - x - 1))/(x**9 + 3*x**8 + 4*x**7 + 3*x**6 + 3*x**5 + x**4 - x**3 - x**2 - x - 1),0.3595001697540283,0.012870073318481445,gammaTime,0.357,1.0,(-T0*(x**2 - 3*x + 1) + x**3*(1 - 2*x))/(x**2 - 3*x + 1),0.07033848762512207,1.1228032112121582,gammaTime,1.118,1.0,(-T0*(x**9 + 3*x**8 + 4*x**7 + 3*x**6 + 3*x**5 + x**4 - x**3 - x**2 - x - 1) + x**3*(x**9 + 2*x**8 + 2*x**7 + 2*x**6 + 2*x**5 - x**3 - x**2 - x - 1))/(x**9 + 3*x**8 + 4*x**7 + 3*x**6 + 3*x**5 + x**4 - x**3 - x**2 - x - 1)
8,comb_sort_.sort,0.128204331859379*1.35320996419932**n,0.0177669529663687*2.41421356237309**n,0.128204331859379*1.35320996419932**n,0.5619926452636719,0.333317756652832,0.5649542808532715,0.3265995979309082,0.03661227226257324,gammaTime,0.324,1.0,(-T0*(2*x**4 + x**3 - 1) + x**3*(x**4 + x**3 - 1))/(2*x**4 + x**3 - 1),0.1721491813659668,0.012914419174194336,gammaTime,0.171,1.0,(-T0*(x**2 + 2*x - 1) + x**3*(2*x - 1))/(x**2 + 2*x - 1),0.03607010841369629,0.3211774826049804,gammaTime,0.319,1.0,(-T0*(2*x**4 + x**3 - 1) + x**3*(x**4 + x**3 - 1))/(2*x**4 + x**3 - 1)
9,counting_sort_.main,1.06732724481572*1.24874608115598**n,0.0625*2.0**n*n,1.06732724481572*1.24874608115598**n,1.576875925064087,0.4125318527221679,1.596766710281372,0.9963343143463136,0.07612848281860352,gammaTime,0.991,1.0,-T0 + x**7*(x + 1)/(x**14 + x**13 + x**10 + 2*x**9 + 3*x**8 + x**7 - x**6 - 3*x**5 - 3*x**4 - x**3 + x + 1),0.2973878383636474,0.010845184326171875,gammaTime,0.295,1.0,-T0 + x**5/(4*x**2 - 4*x + 1),0.07543134689331055,1.0233380794525146,gammaTime,1.018,1.0,-T0 + x**7*(x + 1)/(x**14 + x**13 + x**10 + 2*x**9 + 3*x**8 + x**7 - x**6 - 3*x**5 - 3*x**4 - x**3 + x + 1)
10,cycle_sort_.cycleSort,0.039284965877196*1.35597563564677**n,0.0114702058934394*2.57445019204209**n,0.039284965877196*1.35597563564677**n,5.433715581893921,2.224176406860352,4.651587247848511,4.350443124771118,0.12966251373291016,gammaTime,4.342,1.0,(-T0*(x**20 + x**19 + x**17 + 2*x**16 + x**15 - x**12 - 2*x**11 + x**10 + 2*x**9 + 2*x**8 + x**7 + x**6 - 2*x**5 - 2*x**4 - x**2 + 1) + x**3*(x**16 + x**15 - 2*x**11 + 2*x**9 + x**8 + x**7 + 2*x**6 - 2*x**5 - 2*x**4 - x**2 + 1))/(x**20 + x**19 + x**17 + 2*x**16 + x**15 - x**12 - 2*x**11 + x**10 + 2*x**9 + 2*x**8 + x**7 + x**6 - 2*x**5 - 2*x**4 - x**2 + 1),1.5898315906524658,0.06408095359802246,gammaTime,1.586,1.0,(-T0*(3*x**8 + x**7 - x**6 + 3*x**5 - x**4 - 2*x**3 + 7*x**2 - 5*x + 1) + x**3*(2*x**7 - x**6 + 2*x**4 - 5*x**3 + 8*x**2 - 5*x + 1))/(3*x**8 + x**7 - x**6 + 3*x**5 - x**4 - 2*x**3 + 7*x**2 - 5*x + 1),0.12787985801696777,3.5821094512939453,gammaTime,3.574,1.0,(-T0*(x**20 + x**19 + x**17 + 2*x**16 + x**15 - x**12 - 2*x**11 + x**10 + 2*x**9 + 2*x**8 + x**7 + x**6 - 2*x**5 - 2*x**4 - x**2 + 1) + x**3*(x**16 + x**15 - 2*x**11 + 2*x**9 + x**8 + x**7 + 2*x**6 - 2*x**5 - 2*x**4 - x**2 + 1))/(x**20 + x**19 + x**17 + 2*x**16 + x**15 - x**12 - 2*x**11 + x**10 + 2*x**9 + 2*x**8 + x**7 + x**6 - 2*x**5 - 2*x**4 - x**2 + 1)
11,gnome_sort_.sort,0.527997910385537*1.24985158886433**n,0.0555555555555555*3.0**n,0.527997910385537*1.24985158886433**n,0.4787967205047607,0.1877627372741699,0.4147741794586181,0.1927385330200195,0.033643484115600586,genFuncTime,0.212,1.0,(-T0*(x**6 + x**5 + x**4 - 1) - x**3)/(x**6 + x**5 + x**4 - 1),0.1024284362792968,0.008747339248657227,gammaTime,0.101,1.0,(-3*T0*x + T0 - x**3)/(3*x - 1),0.034240007400512695,0.1946413516998291,gammaTime,0.192,1.0,(-T0*(x**6 + x**5 + x**4 - 1) - x**3)/(x**6 + x**5 + x**4 - 1)
12,heap_sort_.heapsort,0.0701906659058742*1.34582785872077**n,0.00124677279415261*2.47892931505838**n,0.0701906659058742*1.34582785872077**n,1.3035500049591064,0.6943681240081787,1.330695867538452,0.7289855480194092,0.07896828651428223,gammaTime,0.724,1.0,(-T0*x**6*(x**5 + x**4 + x**3 + 1) - (T0 - x**3)*(x**9 + 2*x**8 + 2*x**7 + x**6 - 1))/(x**9 + 2*x**8 + 2*x**7 + x**6*(x**5 + x**4 + x**3 + 1) + x**6 - 1),0.4033305644989013,0.03498125076293945,gammaTime,0.399,1.0,(-T0*x**5*(3*x + 1) - (T0 - x**3)*(6*x**2 - 1))/(x**5*(3*x + 1) + 6*x**2 - 1),0.07240104675292969,0.7662739753723145,gammaTime,0.761,1.0,(-T0*x**6*(x**5 + x**4 + x**3 + 1) - (T0 - x**3)*(x**9 + 2*x**8 + 2*x**7 + x**6 - 1))/(x**9 + 2*x**8 + 2*x**7 + x**6*(x**5 + x**4 + x**3 + 1) + x**6 - 1)
13,heap_sort_2_.heapSort,0.531426478625439*1.22074408460569**n,0.143209975264087*1.36391517810094**n,0.531426478625439*1.22074408460569**n,4.110544681549072,2.1438608169555664,4.152249813079834,2.086871862411499,0.15289831161499023,gammaTime,2.079,1.0,-T0 + x*(x**5/(x**13*(x + 1)*(x**8 + x**7 + x**6 + x**3)/((x**7 + x**6 - 1)*(x**10 + x**9 + x**8 - 1)) + x**7*(x + 1)/(x**7 + x**6 - 1) + x**6*(x**8 + x**7 + x**6 + x**3)/(x**10 + x**9 + x**8 - 1) + 1) + x**2),1.317500352859497,0.14472103118896484,gammaTime,1.311,1.0,(-T0*(x**13*(6*x + 2) + x**7*(3*x + 1)*(2*x**5 - 1) + (3*x**5 - 1)*(2*x**6 + 2*x**5 - 1)) + x**2*(x**13*(6*x + 2) + x**7*(3*x + 1)*(2*x**5 - 1) + (3*x**5 - 1)*(2*x**6 + (x**2 + 1)*(2*x**5 - 1))))/(2*x**13*(3*x + 1) + x**7*(3*x + 1)*(2*x**5 - 1) + (3*x**5 - 1)*(2*x**6 + 2*x**5 - 1)),0.15374207496643066,2.184443712234497,gammaTime,2.175,1.0,-T0 + x*(x**5/(x**13*(x + 1)*(x**8 + x**7 + x**6 + x**3)/((x**7 + x**6 - 1)*(x**10 + x**9 + x**8 - 1)) + x**7*(x + 1)/(x**7 + x**6 - 1) + x**6*(x**8 + x**7 + x**6 + x**3)/(x**10 + x**9 + x**8 - 1) + 1) + x**2)
14,insertion_sort_.insertionSort,0.106459179366085*1.34844773121226**n,0.0635075893428359*1.76929235423863**n,0.106459179366085*1.34844773121226**n,0.8063526153564453,0.4638576507568359,0.784125566482544,0.4150726795196533,0.051741838455200195,gammaTime,0.412,1.0,(-T0*(x**7 + x**6 + x**4 + x**3 - 1) + x**3*(x**4 + x**3 - 1))/(x**7 + x**6 + x**4 + x**3 - 1),0.2341954708099365,0.026226520538330078,gammaTime,0.232,1.0,(-T0*(2*x**3 + 2*x**2 - 1) + x**3*(2*x**2 - 1))/(2*x**3 + 2*x**2 - 1),0.04787039756774902,0.4000906944274902,gammaTime,0.397,1.0,(-T0*(x**7 + x**6 + x**4 + x**3 - 1) + x**3*(x**4 + x**3 - 1))/(x**7 + x**6 + x**4 + x**3 - 1)
15,insertion_sort_recursive_.RecursionInsertionSort,0.106459179366085*1.34844773121226**n,0.0838998159266757*1.58258581424453**n,0.106459179366085*1.34844773121226**n,0.6579234600067139,0.4808497428894043,0.5597057342529297,0.3450732231140136,0.03281378746032715,gammaTime,0.343,1.0,(-T0*(x**4 + x**3 - 1) + x**3*(-T0*x**3*(x + 1) + x**4 + x**3 - 1))/(x**4 + x**3 - 1),0.1914763450622558,0.03406977653503418,genFuncTime,0.224,1.0,(-2*T0*x**5 - 2*T0*x**2 + T0 + 2*x**4 - x**2)/(2*x**2 - 1),0.025982141494750977,0.3117952346801758,gammaTime,0.308,1.0,(-T0*x**7 - T0*x**6 - T0*x**4 - T0*x**3 + T0 + x**7 + x**6 - x**3)/(x**4 + x**3 - 1)
16,merge_sort_.merge_sort,1.37031143681497**n,2.05212093236287**n,1.37031143681497**n,3.082041025161743,0.8687644004821777,3.403204679489136,1.9314758777618408,case 2,gammaTime,1.922,2.0,-T0 + x**4*(-T0**2*x**2*(2*x**10/(2*x**10 - 2*x**8 - 2*x**7 + 2*x**5 - x**4 + x**3 + x - 1) - x) + x**4 + 2),0.7062113285064697,case 2,gammaTime,0.701,2.0,-T0 + x**2*(-T0**2*x**2*(4*x**5/(4*x**4 - 8*x**3 + 3*x**2 + 2*x - 1) - x) + x**3 + 2),case 2,2.2082014083862305,gammaTime,2.198,2.0,-T0 + x**4*(-T0**2*x**3*(-2*x**10 + 2*x**9 + 2*x**8 + 2*x**7 - 2*x**5 + x**4 - x**3 - x + 1)/(2*x**10 - 2*x**8 - 2*x**7 + 2*x**5 - x**4 + x**3 + x - 1) + x**4 + 2)
17,merge_sort_nr_.mergesort,0.00617030003416683*1.40534464002752**n,0.000119581429240798*2.26281491460974**n,0.00617030003416683*1.40534464002752**n,4.531008958816528,2.049903392791748,4.4810638427734375,3.4847512245178223,0.12055325508117676,gammaTime,3.477,1.0,(-T0*(-2*x**17 - 2*x**16 + 2*x**15 + 2*x**14 + x**11 - x**9 + (x**3 - 1)*(2*x**13 + 2*x**12 + 4*x**11 + 2*x**10 - 2*x**9 - 4*x**8 - 2*x**7 + 2*x**6 + x**5 + x**3 + x**2 - 1)) + x**3*(x**3 - 1)*(2*x**13 + 2*x**12 + 4*x**11 + 2*x**10 - 2*x**9 - 4*x**8 - 2*x**7 + 2*x**6 + x**5 + x**3 + x**2 - 1))/(-2*x**17 - 2*x**16 + 2*x**15 + 2*x**14 + x**11 - x**9 + (x**3 - 1)*(2*x**13 + 2*x**12 + 4*x**11 + 2*x**10 - 2*x**9 - 4*x**8 - 2*x**7 + 2*x**6 + x**5 + x**3 + x**2 - 1)),1.4698796272277832,0.06102633476257324,gammaTime,1.464,1.0,(4*T0*x**9 - T0*x**7 - 4*T0*x**5 - 4*T0*x**4 + 8*T0*x**3 - 3*T0*x**2 - 2*T0*x + T0 + 4*x**8 + 4*x**7 - 8*x**6 + 3*x**5 + 2*x**4 - x**3)/(-4*x**9 + x**7 + 4*x**5 + 4*x**4 - 8*x**3 + 3*x**2 + 2*x - 1),0.11976456642150879,3.401470899581909,gammaTime,3.389,1.0,(-T0*(-2*x**17 - 2*x**16 + 2*x**15 + 2*x**14 + x**11 - x**9 + (x**3 - 1)*(2*x**13 + 2*x**12 + 4*x**11 + 2*x**10 - 2*x**9 - 4*x**8 - 2*x**7 + 2*x**6 + x**5 + x**3 + x**2 - 1)) + x**3*(x**3 - 1)*(2*x**13 + 2*x**12 + 4*x**11 + 2*x**10 - 2*x**9 - 4*x**8 - 2*x**7 + 2*x**6 + x**5 + x**3 + x**2 - 1))/(-2*x**17 - 2*x**16 + 2*x**15 + 2*x**14 + x**11 - x**9 + (x**3 - 1)*(2*x**13 + 2*x**12 + 4*x**11 + 2*x**10 - 2*x**9 - 4*x**8 - 2*x**7 + 2*x**6 + x**5 + x**3 + x**2 - 1))
18,multikey_quick_sort_.ssort1main,1.46339257546651**n,2.44958209740071**n,1.46339257546651**n,110.84332489967346,20.22522521018982,113.62129831314088,5.994715452194214,case 2,realnrootsTime,53.445,2.0,(-T0*(x**2 - 1)**2*(x**12 + 4*x**11 + 5*x**10 + 2*x**9 - 2*x**6 - 4*x**5 - 2*x**4 + 1) + x**6*(4*T0**2*x**12*(2*T0*x + T0 + x**2*(T0 + x**2 + 2*x + 1)) + (x**2 - 1)**2*(x**12 + 4*x**11 + 5*x**10 + 2*x**9 - 2*x**6 - 4*x**5 - 2*x**4 + 1)))/((x**2 - 1)**2*(x**12 + 4*x**11 + 5*x**10 + 2*x**9 - 2*x**6 - 4*x**5 - 2*x**4 + 1)),1.8968276977539065,case 2,realnrootsTime,9.337,2.0,(-T0*(x - 1)**2*(12*x**4 - 8*x**2 + 1) + x**4*(16*T0**3*x**8 + 16*T0**2*x**9 + (x - 1)**2*(12*x**4 - 8*x**2 + 1)))/((x - 1)**2*(12*x**4 - 8*x**2 + 1)),case 2,6.313355684280396,realnrootsTime,54.834,2.0,(-T0*(x**2 - 1)**2*(x**12 + 4*x**11 + 5*x**10 + 2*x**9 - 2*x**6 - 4*x**5 - 2*x**4 + 1) + x**6*(4*T0**2*x**12*(2*T0*x + T0 + x**2*(T0 + x**2 + 2*x + 1)) + (x**2 - 1)**2*(x**12 + 4*x**11 + 5*x**10 + 2*x**9 - 2*x**6 - 4*x**5 - 2*x**4 + 1)))/((x**2 - 1)**2*(x**12 + 4*x**11 + 5*x**10 + 2*x**9 - 2*x**6 - 4*x**5 - 2*x**4 + 1))
19,odd_even_sort_.oddEvenSort,0.114898719951153*1.27626665576065**n,0.043499605506648*1.8798755203097**n,0.114898719951153*1.27626665576065**n,1.4612798690795898,1.39111590385437,1.5286970138549805,0.944554090499878,0.09018898010253906,gammaTime,0.939,1.0,(-T0*(x**16 + 2*x**12 - x**8 - x**6 - 2*x**4 + 1) + x**3*(x**16 + 2*x**12 - x**8 - 2*x**4 + 1))/(x**16 + 2*x**12 - x**8 - x**6 - 2*x**4 + 1),0.8956012725830078,0.0459744930267334,gammaTime,0.891,1.0,(-T0*(x**8 + 2*x**5 - 2*x**4 - x**3 + x**2 - 2*x + 1) + x**3*(x**8 + 2*x**5 - 2*x**4 + x**2 - 2*x + 1))/(x**8 + 2*x**5 - 2*x**4 - x**3 + x**2 - 2*x + 1),0.08854055404663086,1.0285723209381104,gammaTime,1.023,1.0,-T0 + x**2*(T0*x**4/(x**16 + 2*x**12 - x**8 - 2*x**4 + 1) + x)
20,pancake_sort_.pancakeSort,0.0957420817727813*1.2878033636613**n,0.00556248547101033*2.05719031987235**n,0.0957420817727813*1.2878033636613**n,1.2525885105133057,1.0848774909973145,1.213956356048584,0.600733757019043,0.07600045204162598,gammaTime,0.596,1.0,-T0 + x**3/(x**14/((x**2 - 1)**2*(x**5 + x**4 - 1)) + x**7/(x**5 + x**4 - 1) + 1),0.5067813396453857,0.07105088233947754,gammaTime,0.502,1.0,-T0 + x**3/(x**12/((x - 1)**2*(2*x - 1)) + x**5/(2*x - 1) + 1),0.07544088363647461,0.6281514167785645,gammaTime,0.623,1.0,-T0 + x**3/(x**14/((x**2 - 1)**2*(x**5 + x**4 - 1)) + x**7/(x**5 + x**4 - 1) + 1)
21,partition_sort_.partitionSort,1.29602933651131**n,1.61445764904352**n,1.29602933651131**n,0.964820384979248,0.424067735671997,1.0143744945526123,0.6031959056854248,case 2,gammaTime,0.598,2.0,-T0 - x**2*(T0**2*x**10/(x**11 - x**4 + 2*x**2 - 1) - 1),0.3342700004577636,case 2,gammaTime,0.33,2.0,-T0 - x**2*(T0**2*x**5/(x**5 - x**2 + 2*x - 1) - 1),case 2,0.651472806930542,gammaTime,0.647,2.0,-T0 - x**2*(T0**2*x**10/(x**11 - x**4 + 2*x**2 - 1) - 1)
22,patience_sort_.patienceSort,0.117948019318271*1.34114339071402**n,0.000201137059384962*3.26953084208114**n,0.117948019318271*1.34114339071402**n,4.545774221420288,1.214529275894165,4.967539548873901,3.425014019012451,0.11868548393249512,gammaTime,3.415,1.0,-T0 + x**9*(x**7 + 2*x**6 + 2*x**5 + x**4 - x - 1)/(x**18 + 2*x**17 + 3*x**16 + x**15 - 2*x**14 - 4*x**13 - 5*x**12 - 4*x**11 - 5*x**10 - 3*x**9 - x**8 + x**7 + 2*x**6 + 2*x**5 + 3*x**4 + 2*x**3 - x - 1),0.8339676856994629,0.048926353454589844,gammaTime,0.825,1.0,-T0 - x**6*(3*x - 1)/(8*x**6 - 12*x**5 + 18*x**4 - 9*x**3 + 7*x**2 - 5*x + 1),0.09778666496276855,3.8999969959259033,gammaTime,3.89,1.0,-T0 + x**9*(x**7 + 2*x**6 + 2*x**5 + x**4 - x - 1)/(x**18 + 2*x**17 + 3*x**16 + x**15 - 2*x**14 - 4*x**13 - 5*x**12 - 4*x**11 - 5*x**10 - 3*x**9 - x**8 + x**7 + 2*x**6 + 2*x**5 + 3*x**4 + 2*x**3 - x - 1)
23,pigeonhole_sort_.pigeonholeSort,2.39559553906698*1.26277545299632**n,0.127777777777778*2.0**n,2.39559553906698*1.26277545299632**n,2.771597623825073,0.6399121284484863,2.551262140274048,1.8472633361816408,0.09948301315307617,gammaTime,1.841,1.0,-T0 - x**9*(x + 1)/(x**17 + 3*x**16 + 4*x**15 + 3*x**14 + x**13 - x**12 - 4*x**11 - 8*x**10 - 7*x**9 - 2*x**8 + 3*x**7 + 3*x**6 + 2*x**5 + 2*x**4 + 2*x**3 - x - 1),0.4300010204315185,0.020005226135253906,gammaTime,0.427,1.0,-T0 - x**6/(4*x**5 - 9*x**3 + 4*x**2 + 2*x - 1),0.0893545150756836,1.5988118648529053,gammaTime,1.593,1.0,-T0 - x**9*(x + 1)/(x**17 + 3*x**16 + 4*x**15 + 3*x**14 + x**13 - x**12 - 4*x**11 - 8*x**10 - 7*x**9 - 2*x**8 + 3*x**7 + 3*x**6 + 2*x**5 + 2*x**4 + 2*x**3 - x - 1)
24,quick_sort_.quickSort,1.23616310201623**n,1.45759846152168**n,1.23616310201623**n,0.4946105480194092,0.4374125003814697,0.5266575813293457,0.3307509422302246,case 2,gammaTime,0.326,2.0,(-T0*(x**8 + x**4 - 1) + x**2*(-T0**2*x**7 + x**8 + x**4 - 1))/(x**8 + x**4 - 1),0.2594692707061767,case 2,gammaTime,0.255,2.0,(-T0*(x**4 + x - 1) + x**2*(-T0**2*x**6 + x**4 + x - 1))/(x**4 + x - 1),case 2,0.3408918380737304,gammaTime,0.335,2.0,(-T0*(x**8 + x**4 - 1) + x**2*(-T0**2*x**7 + x**8 + x**4 - 1))/(x**8 + x**4 - 1)
25,radix_sort_.RadixSort,0.163860778365951*1.28181627072238**n,0.0624999999999835*2.0**n,0.163860778365951*1.28181627072238**n,4.161105394363403,1.4578232765197754,3.216369390487671,3.173386812210083,0.10908985137939453,gammaTime,3.164,1.0,(-T0*(x**5 + x**4 - 1)*(2*x**12 + 2*x**11 + x**10 - x**9 - 2*x**8 - 3*x**7 - 2*x**6 + x**5 + 3*x**4 + 3*x**3 - x - 1) + x**8*(x**10 + x**9 + 2*x**8 - 3*x**5 - 2*x**4 - 2*x**3 + x**2 + x + 1))/((x**5 + x**4 - 1)*(2*x**12 + 2*x**11 + x**10 - x**9 - 2*x**8 - 3*x**7 - 2*x**6 + x**5 + 3*x**4 + 3*x**3 - x - 1)),1.1050376892089844,0.04532194137573242,gammaTime,1.101,1.0,(-T0*(2*x - 1)*(x**5 + x**4 - x**3 - 2*x**2 + 3*x - 1) + x**7*(x**3 - 2*x + 1))/((2*x - 1)*(x**5 + x**4 - x**3 - 2*x**2 + 3*x - 1)),0.11944341659545898,2.237074613571167,gammaTime,2.227,1.0,(-T0*(x**5 + x**4 - 1)*(2*x**12 + 2*x**11 + x**10 - x**9 - 2*x**8 - 3*x**7 - 2*x**6 + x**5 + 3*x**4 + 3*x**3 - x - 1) + x**8*(x**10 + x**9 + 2*x**8 - 3*x**5 - 2*x**4 - 2*x**3 + x**2 + x + 1))/((x**5 + x**4 - 1)*(2*x**12 + 2*x**11 + x**10 - x**9 - 2*x**8 - 3*x**7 - 2*x**6 + x**5 + 3*x**4 + 3*x**3 - x - 1))
26,radix_sort_2_.radixsort2,0.101456341927512*1.27284277900789**n,0.0427050983124842*1.61803398874989**n,0.101456341927512*1.27284277900789**n,1.2514805793762207,0.8951160907745361,1.1591510772705078,0.8272473812103271,0.08137392997741699,gammaTime,0.822,1.0,(T0*x**11 - (T0 - x**3)*(x**12 - 4*x**9 + 6*x**6 - 4*x**3 + 1))/(x**12 - x**11 - 4*x**9 + 6*x**6 - 4*x**3 + 1),0.4928679466247558,0.04344058036804199,gammaTime,0.49,1.0,(-T0*x**8 + (T0 - x**3)*(x**4 - 4*x**3 + 6*x**2 - 4*x + 1))/(x**8 - x**4 + 4*x**3 - 6*x**2 + 4*x - 1),0.08170485496520996,0.75180983543396,gammaTime,0.746,1.0,(-T0*x**11 + (T0 - x**3)*(x**3 - 1)**4)/(x**11 - (x**3 - 1)**4)
27,random_quick_sort_.random_quick,1.30640546411564**n,1.61024941079859**n,1.30640546411564**n,2.152348279953003,1.2432727813720703,2.0662596225738525,1.2528316974639893,case 2,gammaTime,1.242,2.0,(-T0*(x**13 - (x**3 - x**2 + x - 1)**2) + x**3*(-T0**2*x**13*(x**5 + x**4 + 2*x**2 + 2*x + 1) + x**13 - (x**3 - x**2 + x - 1)**2))/(x**13 - (x**3 - x**2 + x - 1)**2),0.8256576061248779,case 2,gammaTime,0.819,2.0,(-T0*(4*x**10 - (x - 1)**2) + x**2*(-4*T0**2*x**10*(2*x**2 + x + 4) + 4*x**10 - (x - 1)**2))/(4*x**10 - (x - 1)**2),case 2,1.1727864742279053,gammaTime,1.163,2.0,(T0**2*x**16*(-x**5 - x**4 - 2*x**2 - 2*x - 1) - (T0 - x**3)*(x**13 - (x**3 - x**2 + x - 1)**2))/(x**13 - (x**3 - x**2 + x - 1)**2)
28,selection_sort_.selectionSort,0.136868029964744*1.27404951985022**n,0.0173079408423902*2.43839304389861**n,0.136868029964744*1.27404951985022**n,0.9722929000854492,0.5606372356414795,0.906729221343994,0.4915211200714111,0.12072420120239258,gammaTime,0.487,1.0,(-T0*(x**10 + x**6 + x**5 + x**4 - 1) + x**3*(x**5 + x**4 - 1))/(x**10 + x**6 + x**5 + x**4 - 1),0.2726612091064453,0.04163050651550293,gammaTime,0.27,1.0,(-T0*(x**5 + x**2 + 2*x - 1) + x**3*(2*x - 1))/(x**5 + x**2 + 2*x - 1),0.049451351165771484,0.4865782260894775,gammaTime,0.483,1.0,(-T0*(x**10 + x**6 + x**5 + x**4 - 1) + x**3*(x**5 + x**4 - 1))/(x**10 + x**6 + x**5 + x**4 - 1)
29,selection_sort_recursive_.selectionSort,0.126226716088359*1.25738147630109**n,0.108846225457205*1.3656287543999**n,0.126226716088359*1.25738147630109**n,0.6728575229644775,0.6119427680969238,0.744560718536377,0.2530531883239746,0.07254600524902344,gammaTime,0.249,1.0,(-T0*(x**5 + x**4 - 1) + x**3*(-T0*x**4*(x**4 + 1) + x**5 + x**4 - 1))/(x**5 + x**4 - 1),0.1878578662872314,0.14810895919799805,gammaTime,0.184,1.0,(-T0*x**9 - T0*x**6 - 2*T0*x**3 + T0 + 2*x**5 - x**2)/(2*x**3 - 1),0.07330489158630371,0.2603194713592529,genFuncTime,0.292,1.0,(-T0*(x**5 + x**4 - 1) + x**3*(-T0*x**4*(x**4 + 1) + x**5 + x**4 - 1))/(x**5 + x**4 - 1)
30,shaker_sort_.shakersort,0.122537298997777*1.25986094258467**n,0.043499605506648*1.8798755203097**n,0.122537298997777*1.25986094258467**n,1.524430513381958,1.346771240234375,1.7291059494018557,0.924560546875,0.0970926284790039,gammaTime,0.917,1.0,(-T0*(x**16 + 2*x**12 - x**8 - x**7 - 2*x**4 + 1) + x**3*(x**16 + 2*x**12 - x**8 - 2*x**4 + 1))/(x**16 + 2*x**12 - x**8 - x**7 - 2*x**4 + 1),0.8763036727905273,0.04541969299316406,gammaTime,0.873,1.0,(-T0*(x**8 + 2*x**5 - 2*x**4 - x**3 + x**2 - 2*x + 1) + x**3*(x**8 + 2*x**5 - 2*x**4 + x**2 - 2*x + 1))/(x**8 + 2*x**5 - 2*x**4 - x**3 + x**2 - 2*x + 1),0.1020362377166748,1.107633113861084,gammaTime,1.102,1.0,-T0 + x**2*(T0*x**5/(x**16 + 2*x**12 - x**8 - 2*x**4 + 1) + x)
31,shell_sort_.shellSort,0.0857024477555051*1.26151684096538**n,0.077241640355298*1.59710335628937**n,0.0857024477555051*1.26151684096538**n,1.4762187004089355,0.8965127468109131,1.4504671096801758,0.9908902645111084,0.0675814151763916,gammaTime,0.986,1.0,(-T0*(-x**13 - x**12 + x**8 + 2*x**7 + x**6 + x**5 - 1) + x**3*(x**8 + 2*x**7 + x**6 - 1))/(-x**13 - x**12 + x**8 + 2*x**7 + x**6 + x**5 - 1),0.5860395431518555,0.04894566535949707,gammaTime,0.583,1.0,(-T0*(-2*x**7 + 2*x**5 + 2*x**3 + x**2 - 1) + x**3*(2*x**5 + 2*x**3 - 1))/(-2*x**7 + 2*x**5 + 2*x**3 + x**2 - 1),0.06527900695800781,0.9803409576416016,gammaTime,0.976,1.0,(-T0*(-x**13 - x**12 + x**8 + 2*x**7 + x**6 + x**5 - 1) + x**3*(x**8 + 2*x**7 + x**6 - 1))/(-x**13 - x**12 + x**8 + 2*x**7 + x**6 + x**5 - 1)
32,shell_sort2_.shell_sort,0.040929564523023*1.32471795724478**n,0.0203272190896847*1.87018472683652**n,0.040929564523023*1.32471795724478**n,1.1578519344329834,0.659264087677002,1.107208251953125,0.7185826301574707,0.05263352394104004,gammaTime,0.714,1.0,(-T0*(-x**10 - x**9 + x**7 + x**6 + 2*x**5 + x**4 - 1) + x**3*(x**7 + x**6 + x**5 + x**4 - 1))/(-x**10 - x**9 + x**7 + x**6 + 2*x**5 + x**4 - 1),0.3900158405303955,0.057637929916381836,gammaTime,0.388,1.0,(-T0*(2*x**4 - 2*x**3 - 3*x**2 + 1) + x**3*(-2*x**3 - 2*x**2 + 1))/(2*x**4 - 2*x**3 - 3*x**2 + 1),0.06516718864440918,0.7086031436920166,gammaTime,0.705,1.0,(-T0*(-x**10 - x**9 + x**7 + x**6 + 2*x**5 + x**4 - 1) + x**3*(x**7 + x**6 + x**5 + x**4 - 1))/(-x**10 - x**9 + x**7 + x**6 + 2*x**5 + x**4 - 1)
33,stooge_sort_.stoogesort,1.34707687617538**n,1.49018221534243**n,1.34707687617538**n,0.8918852806091309,0.4523355960845947,0.9297749996185304,0.0946733951568603,case 2,realnrootsTime,0.411,2.0,-T0 + x**4*(T0**3 + 1)*(x + 1),0.0527510643005371,case 2,realnrootsTime,0.204,2.0,-T0 + 2*x**3*(T0**3*x + 1),case 2,0.0852456092834472,realnrootsTime,0.435,2.0,-T0 + x**4*(T0**3 + 1)*(x + 1)
34,binary_search_.binarysearch2,3.0*1.12246204830937**n,0.75*2.0**n,3.0*1.12246204830937**n,0.494593858718872,0.2449038028717041,0.4572391510009765,0.2468094825744629,0.13315296173095703,gammaTime,0.244,1.0,(-2*T0*x**6 + T0 - x**6 - x**5 - x**4)/(2*x**6 - 1),0.1078953742980957,0.008719444274902344,genFuncTime,0.124,1.0,(-2*T0*x + T0 - 3*x**3)/(2*x - 1),0.1185159683227539,0.232297658920288,gammaTime,0.228,1.0,(-2*T0*x**6 + T0 - x**6 - x**5 - x**4)/(2*x**6 - 1)
35,binary_search_.binarysearch1,2.0*1.14869835499704**n,2.0*1.25992104989487**n,2.0*1.14869835499704**n,0.3117716312408447,0.1714413166046142,0.3708059787750244,0.0813417434692382,0.11956954002380371,getrgfTime,0.12,1.0,-T0 + x**3*(x*(2*T0*x + 1) + 1),0.0513849258422851,0.04528355598449707,genFuncTime,0.064,1.0,-T0 + 2*x**2*(T0*x + 1),0.11950182914733887,0.0829780101776123,genFuncTime,0.143,1.0,-T0 + x**3*(x*(2*T0*x + 1) + 1)
36,exponential_search_.exponential_search,5.00647414679339*1.22074408460576**n,4.00000000000001*1.41421356237309**n,5.00647414679339*1.22074408460576**n,1.0708720684051514,0.5161094665527344,1.019984483718872,0.6384372711181641,0.08151030540466309,gammaTime,0.633,1.0,(-T0*(2*x**5 - 1)*(x**4 + x**3 - 1) + x**3*(x**7*(x + 1)*(x**2 + 2*x + 1) + (2*x**5 - 1)*(x**4 + x**3 - 1)))/((2*x**5 - 1)*(x**4 + x**3 - 1)),0.2736184597015381,0.038086652755737305,gammaTime,0.271,1.0,(8*x**7 - (2*x**3 - 1)*(2*T0*x**2 - T0 - 2*x**4 + x**2))/((2*x**2 - 1)*(2*x**3 - 1)),0.08571672439575195,0.5942776203155518,gammaTime,0.589,1.0,(x**12*(x + 1) + 2*x**11*(x + 1) + x**10*(x + 1) - (2*x**5 - 1)*(T0*x**4 + T0*x**3 - T0 - x**7 - x**6 + x**3))/((2*x**5 - 1)*(x**4 + x**3 - 1))
37,fibonacci_search_.fibMonaccianSearch,2.33520478818276*1.22250978747803**n,0.527777777777778*2.0**n,2.33520478818276*1.22250978747803**n,0.9102051258087158,0.4581596851348877,0.9059810638427734,0.6259057521820068,0.05366873741149902,gammaTime,0.62,1.0,(-T0*(2*x**10 - 2*x**6 - x**2 + 1) + x**7*(2*x**3 + 2*x + 1))/(2*x**10 - 2*x**6 - x**2 + 1),0.2739081382751465,0.014098167419433594,gammaTime,0.269,1.0,(-T0*(4*x**3 - 4*x**2 - x + 1) + x**4*(2*x + 3))/(4*x**3 - 4*x**2 - x + 1),0.06507229804992676,0.5908899307250977,gammaTime,0.585,1.0,(-T0*(2*x**10 - 2*x**6 - x**2 + 1) + x**7*(2*x**3 + 2*x + 1))/(2*x**10 - 2*x**6 - x**2 + 1)
38,floyd_cycle_detection_algorithm_.duplicateNumber,0.125*1.0**n*n**2,0.5*1.0**n*n**2,0.125*1.0**n*n**2,0.5154249668121338,0.3527340888977051,0.5627546310424805,0.359938383102417,0.019885540008544922,gammaTime,0.357,1.0,(-T0*(x**4 - 2*x**2 + 1) + x**3*(x**5 + x**4 - 2*x**2 + 1))/(x**4 - 2*x**2 + 1),0.1896142959594726,0.0158383846282959,gammaTime,0.187,1.0,(-T0*(x**2 - 2*x + 1) + x**2*(2*x**2 - 2*x + 1))/(x**2 - 2*x + 1),0.020230531692504883,0.410555362701416,gammaTime,0.407,1.0,(-T0*(x**4 - 2*x**2 + 1) + x**3*(x**5 + x**4 - 2*x**2 + 1))/(x**4 - 2*x**2 + 1)
39,interpolation_search_.interpolationSearch,0.65579051314241*1.30238763446289**n,0.2*2.44948974278318**n,0.65579051314241*1.30238763446289**n,0.9701104164123536,0.209723949432373,0.9114117622375488,0.4673299789428711,0.06017184257507324,gammaTime,0.464,1.0,(-T0*(x**9 + x**8 + 2*x**7 + x**6 + x**5 - 1) + x**5*(-x**4 - x**3 - 2*x**2 - x - 1))/(x**9 + x**8 + 2*x**7 + x**6 + x**5 - 1),0.127173900604248,0.01052999496459961,gammaTime,0.125,1.0,(-6*T0*x**2 + T0 - 6*x**4)/(6*x**2 - 1),0.058442115783691406,0.4494569301605224,gammaTime,0.445,1.0,(-T0*(x**9 + x**8 + 2*x**7 + x**6 + x**5 - 1) + x**5*(-x**4 - x**3 - 2*x**2 - x - 1))/(x**9 + x**8 + 2*x**7 + x**6 + x**5 - 1)
40,jump_search_.jump_search,0.599999999999999*1.14869835499704**n*n,1.0*1.41421356237309**n*n,0.599999999999999*1.14869835499704**n*n,1.130500078201294,0.4944889545440674,1.0800387859344482,0.8228785991668701,0.15024685859680176,gammaTime,0.818,1.0,(-T0*(4*x**10 - 4*x**5 + 1) + x**7*(-4*x**5 + 4*x**4 + 4*x**2 + 2))/(4*x**10 - 4*x**5 + 1),0.3421251773834228,0.017185449600219727,gammaTime,0.339,1.0,(-T0*(4*x**4 - 4*x**2 + 1) + x**4*(4*x + 2))/(4*x**4 - 4*x**2 + 1),0.1526329517364502,0.7767457962036133,gammaTime,0.771,1.0,(-T0*(4*x**10 - 4*x**5 + 1) + x**7*(-4*x**5 + 4*x**4 + 4*x**2 + 2))/(4*x**10 - 4*x**5 + 1)
41,linear_search_.linearsearch,0.5*1.0**n*n,2.0*1.0**n*n,0.5*1.0**n*n,0.2739148139953613,0.1693897247314453,0.2964956760406494,0.1738574504852295,0.011949300765991211,gammaTime,0.171,1.0,(-T0*(x**3 - x**2 + x - 1) - x**4)/(x**3 - x**2 + x - 1),0.0976877212524414,0.0073168277740478516,gammaTime,0.095,1.0,(-T0*x + T0 - 2*x**3)/(x - 1),0.01647782325744629,0.1841416358947754,gammaTime,0.182,1.0,(-T0*(x**3 - x**2 + x - 1) - x**4)/(x**3 - x**2 + x - 1)
42,modified_binary_search_.modifiedBinarySearch,0.375*1.12246204830937**n*n,0.125*2.0**n*n,0.375*1.12246204830937**n*n,1.5178072452545166,0.5955688953399658,1.5364384651184082,1.0288865566253662,0.20915794372558594,gammaTime,1.019,1.0,(-4*T0*x**12 + 4*T0*x**6 - T0 + 2*x**20 + 4*x**19 + 3*x**18 + x**17 + x**15 - 3*x**14 - 2*x**13 - 4*x**12 + 2*x**8 + x**7 + 2*x**6)/(4*x**12 - 4*x**6 + 1),0.3875277042388916,0.017955303192138672,gammaTime,0.383,1.0,(-T0*(2*x - 1)**2 + x**3*(8*x**5 + 2*x**3 - 6*x + 3))/(2*x - 1)**2,0.21275734901428223,1.0298497676849363,gammaTime,1.017,1.0,(-4*T0*x**12 + 4*T0*x**6 - T0 + 2*x**20 + 4*x**19 + 3*x**18 + x**17 + x**15 - 3*x**14 - 2*x**13 - 4*x**12 + 2*x**8 + x**7 + 2*x**6)/(4*x**12 - 4*x**6 + 1)
43,other_binary_search_.binarySearch,2.0*1.12246204830937**n,0.5**(1 - n),2.0*1.12246204830937**n,0.4364571571350097,0.2283806800842285,0.3582696914672851,0.2039356231689453,0.1567692756652832,gammaTime,0.201,1.0,(-2*T0*x**6 + T0 - x**5 - x**4)/(2*x**6 - 1),0.0932481288909912,0.014996051788330078,genFuncTime,0.116,1.0,(-2*T0*x + T0 - 2*x**3)/(2*x - 1),0.08237361907958984,0.1941666603088379,gammaTime,0.191,1.0,(-2*T0*x**6 + T0 - x**5 - x**4)/(2*x**6 - 1)
44,sentinel_linear_search_.sentinel_linear_search,1.0**(n + 1)*n,2.0*1.0**n*n,1.0**(n + 1)*n,0.3472268581390381,0.1951537132263183,0.320488691329956,0.2240810394287109,0.01912379264831543,gammaTime,0.221,1.0,(-T0*x**2 + T0 - 2*x**7 + x**5 - x**3)/(x**2 - 1),0.1010007858276367,0.009000539779663086,gammaTime,0.1,1.0,(-T0*x + T0 - x**3 - x**2)/(x - 1),0.01885533332824707,0.1984443664550781,gammaTime,0.196,1.0,(-T0*x**2 + T0 - 2*x**7 + x**5 - x**3)/(x**2 - 1)
45,ternary_search_.ternarySearch,1.54802136333746*1.17969389074151**n,1.5*1.44224957030741**n,1.54802136333746*1.17969389074151**n,0.4427938461303711,0.1781580448150634,0.4179894924163818,0.1576366424560547,0.04230690002441406,genFuncTime,0.189,1.0,-T0 + x**3*(x*(x*(T0*x*(2*x + 1) + 1) + 1) + 1),0.0615441799163818,0.04417753219604492,genFuncTime,0.064,1.0,-T0 + 3*x**2*(T0*x + 1),0.043613433837890625,0.1555166244506836,genFuncTime,0.166,1.0,-T0 + x**3*(x*(x*(T0*x*(2*x + 1) + 1) + 1) + 1)
46,boyer_moore_search_.boyer_moore_search,0.0452772335377073*1.37600253791232**n,0.00971498564177219*2.04548710270418**n,0.0452772335377073*1.37600253791232**n,1.8101963996887207,0.8774571418762207,1.8342077732086184,0.9724729061126708,0.11067628860473633,gammaTime,0.966,1.0,(-T0*(x**6 - 2*x**3 + 1)*(2*x**11 + 4*x**10 + 2*x**9 + x**4 + x**3 - 1) + x**8*(x**4 + x**3 - 1))/((x**6 - 2*x**3 + 1)*(2*x**11 + 4*x**10 + 2*x**9 + x**4 + x**3 - 1)),0.4807288646697998,0.04364013671875,gammaTime,0.477,1.0,(-T0*(x**2 - 2*x + 1)*(4*x**6 + 4*x**3 + 2*x**2 - 1) + x**7*(2*x**2 - 1))/((x**2 - 2*x + 1)*(4*x**6 + 4*x**3 + 2*x**2 - 1)),0.09102272987365723,1.0578618049621582,gammaTime,1.051,1.0,(-T0*(x**6 - 2*x**3 + 1)*(2*x**11 + 4*x**10 + 2*x**9 + x**4 + x**3 - 1) + x**8*(x**4 + x**3 - 1))/((x**6 - 2*x**3 + 1)*(2*x**11 + 4*x**10 + 2*x**9 + x**4 + x**3 - 1))
47,naive_search_.naive_search,0.223305074822621*1.28519903324544**n,0.0625*2.0**n,0.223305074822621*1.28519903324544**n,0.5860946178436279,0.3933167457580566,0.607764482498169,0.3363006114959717,0.03602313995361328,gammaTime,0.333,1.0,(-T0*(x**6 + x - 1) + x**3*(x - 1))/(x**6 + x - 1),0.188347578048706,0.016917943954467773,gammaTime,0.186,1.0,(-T0*(4*x**3 + x - 1) + x**3*(x - 1))/(4*x**3 + x - 1),0.034511566162109375,0.3385689258575439,gammaTime,0.335,1.0,(-T0*(x**6 + x - 1) + x**3*(x - 1))/(x**6 + x - 1)
48,rabin_karp_search_.rabin_karp_search,0.185418826032106*1.32471795724478**n,0.0300716932141813*2.22310060196522**n,0.185418826032106*1.32471795724478**n,1.7267475128173828,0.8075435161590576,1.8875937461853027,1.0998742580413818,0.07929587364196777,gammaTime,1.093,1.0,-T0 + x**7/(x**15 + 2*x**14 + 2*x**13 - x**12 - 3*x**11 - 2*x**10 + x**9 + 2*x**8 - x**5 - 2*x**3 + 1),0.5254721641540527,0.05283522605895996,gammaTime,0.523,1.0,-T0 + x**5/(8*x**5 - 10*x**4 + 4*x**3 - x**2 - 2*x + 1),0.06572556495666504,1.3044774532318115,gammaTime,1.298,1.0,-T0 + x**7/(x**15 + 2*x**14 + 2*x**13 - x**12 - 3*x**11 - 2*x**10 + x**9 + 2*x**8 - x**5 - 2*x**3 + 1)
49,dijkstra_.dijkstra,0.0261473140648364*1.24759109662736**n,9.56079304739014e-7*3.0013679950225**n,0.0261473140648364*1.24759109662736**n,2.300706148147583,1.2096481323242188,2.3402905464172363,1.6034975051879885,0.10457634925842285,gammaTime,1.594,1.0,-T0 - x**8*(x**7 + x**6 + x**4 - 1)/(x**18 + x**17 + x**15 + 2*x**14 + x**13 + x**12 + x**11 - x**10 - x**8 - 2*x**7 - x**6 - x**4 + 1),0.747417688369751,0.11104965209960938,gammaTime,0.743,1.0,(-T0*(2*x**11 - x**7 + 6*x**5 - 2*x**4 - 3*x + 1) + x**6*(1 - 3*x))/(2*x**11 - x**7 + 6*x**5 - 2*x**4 - 3*x + 1),0.09773588180541992,1.6527440547943115,gammaTime,1.645,1.0,-T0 - x**8*(x**7 + x**6 + x**4 - 1)/(x**18 + x**17 + x**15 + 2*x**14 + x**13 + x**12 + x**11 - x**10 - x**8 - 2*x**7 - x**6 - x**4 + 1)
50,prim_.prim,0.0430092029804531*1.3438087008139**n,3.74269611670617e-5*3.00412069387525**n,0.0430092029804531*1.3438087008139**n,2.880731105804444,1.571842908859253,2.7671709060668945,2.017432451248169,0.09582090377807617,gammaTime,2.011,1.0,(-T0*(x**14 + x**13 - x**11 - x**10 - x**8 + x**5 + (x**5 + x**4 - 1)*(x**9 + x**8 + x**7 - x**6 - x**5 - x**4 - x**3 + 1)) + x**5*(-x**11 - x**10 - x**9 + x**5 - (x**5 + x**4 - 1)*(x**6 + x**5 + x**4 - 1)))/(x**14 + x**13 - x**11 - x**10 - x**8 + x**5 + (x**5 + x**4 - 1)*(x**9 + x**8 + x**7 - x**6 - x**5 - x**4 - x**3 + 1)),1.0952329635620115,0.042780399322509766,gammaTime,1.092,1.0,(-T0*(-x**8 + 4*x**7 - 4*x**6 + x**5 + (2*x - 1)*(3*x**2 - 4*x + 1)) + x**4*(-3*x**6 + x**5 - (2*x - 1)*(3*x - 1)))/(-x**8 + 4*x**7 - 4*x**6 + x**5 + (2*x - 1)*(3*x**2 - 4*x + 1)),0.09418654441833496,1.9584760665893557,gammaTime,1.951,1.0,(-T0*(x**14 + x**13 - x**11 - x**10 - x**8 + x**5 + (x**5 + x**4 - 1)*(x**9 + x**8 + x**7 - x**6 - x**5 - x**4 - x**3 + 1)) + x**5*(-x**11 - x**10 - x**9 + x**5 - (x**5 + x**4 - 1)*(x**6 + x**5 + x**4 - 1)))/(x**14 + x**13 - x**11 - x**10 - x**8 + x**5 + (x**5 + x**4 - 1)*(x**9 + x**8 + x**7 - x**6 - x**5 - x**4 - x**3 + 1))
51,lcs_.lcsbuild,0.229931454099601*1.30793010592736**n,0.0666666666666664*2.44948974278318**n,0.229931454099601*1.30793010592736**n,0.9923784732818604,0.2584950923919678,0.9046809673309326,0.5230164527893066,0.06115150451660156,gammaTime,0.519,1.0,(-T0*(2*x**8 + 2*x**7 + x**6 + x**5 - 1) + x**3*(2*x**8 + 2*x**7 + x**6 + x**5 - x**4 - x**3 - 1))/(2*x**8 + 2*x**7 + x**6 + x**5 - 1),0.1477246284484863,0.014288187026977539,gammaTime,0.146,1.0,(-6*T0*x**2 + T0 + 4*x**4 - x**2)/(6*x**2 - 1),0.05367422103881836,0.4953558444976806,gammaTime,0.491,1.0,(-T0*(2*x**8 + 2*x**7 + x**6 + x**5 - 1) + x**3*(2*x**8 + 2*x**7 + x**6 + x**5 - x**4 - x**3 - 1))/(2*x**8 + 2*x**7 + x**6 + x**5 - 1)
52,matrix_chain_order_.matrixChainOrder,0.0692422378637588*1.29707968347547**n,0.00100007729376971*2.48119430409202**n,0.0692422378637588*1.29707968347547**n,2.748551607131958,1.1609971523284912,3.422434568405152,1.6856229305267334,0.09918642044067383,gammaTime,1.679,1.0,-T0 + x**2*(2*x**12 + x**11 - x**7)/(x**19 + x**18 - 3*x**16 - 3*x**15 - 3*x**14 + 2*x**13 + 3*x**12 + 9*x**11 + 2*x**10 - 9*x**8 - 3*x**7 - 3*x**6 + 3*x**5 + x**4 + 3*x**3 - 1),0.7723720073699951,0.07499480247497559,gammaTime,0.77,1.0,(-T0*(-2*x**6 + 8*x**5 - 10*x**4 + x**3 + 7*x**2 - 5*x + 1) + x**6*(-x**2 - 2*x + 1))/(-2*x**6 + 8*x**5 - 10*x**4 + x**3 + 7*x**2 - 5*x + 1),0.08541440963745117,2.343490600585937,gammaTime,2.336,1.0,-T0 + x**2*(2*x**12 + x**11 - x**7)/(x**19 + x**18 - 3*x**16 - 3*x**15 - 3*x**14 + 2*x**13 + 3*x**12 + 9*x**11 + 2*x**10 - 9*x**8 - 3*x**7 - 3*x**6 + 3*x**5 + x**4 + 3*x**3 - 1)
53,armstrong_number_.isArmstrong,1.34590019263237**n,1.51571656651026**n,1.34590019263237**n,129.63086700439453,42.72968077659607,133.09742712974548,0.6685445308685303,case 2,realnrootsTime,65.706,2.0,-T0*(T0*(x**2 - 1)*(T0*(x**2 - 1) + 2*x**8) - x**2*(T0**2*x**3*(x**2 - 1)**2 + 2*(T0*(x**2 - 1) + 2*x**8)**2))/(T0**2*(x**2 - 1)**2 - x**2*(T0**2*x**3*(x**2 - 1)**2 + 2*(T0*(x**2 - 1) + 2*x**8)**2)),0.6164672374725342,case 2,realnrootsTime,21.646,2.0,-T0*(T0*(x - 1)*(T0*(x - 1) + 2*x**6) - x*(T0**2*x**3*(x - 1)**2 + 2*(T0*(x - 1) + 2*x**6)**2))/(T0**2*(x - 1)**2 - x*(T0**2*x**3*(x - 1)**2 + 2*(T0*(x - 1) + 2*x**6)**2)),case 2,0.6684927940368652,realnrootsTime,67.623,2.0,-T0*(T0*(x**2 - 1)*(T0*(x**2 - 1) + 2*x**8) - x**2*(T0**2*x**3*(x**2 - 1)**2 + 2*(T0*(x**2 - 1) + 2*x**8)**2))/(T0**2*(x**2 - 1)**2 - x**2*(T0**2*x**3*(x**2 - 1)**2 + 2*(T0*(x**2 - 1) + 2*x**8)**2))
54,cantor_set_.main,0.246368042775306*1.22920767830819**n,0.568647169442803*1.32471795724475**n,0.246368042775306*1.22920767830819**n,2.3174543380737305,1.0974974632263184,2.384211540222168,1.533897876739502,0.12097406387329102,gammaTime,1.527,1.0,(-T0*(x**5 - 1)*(x**9 - (x**2 - 1)*(x**3 - 1)) + 2*x**5*(-x**10*(x + 1)*(x**3 - 1) + (x**5 - 1)*(x**11 + x**10 + x**9 - (x**2 - 1)*(x**3 - 1)*(x**2 + x + 1))))/((x**5 - 1)*(x**9 - (x**2 - 1)*(x**3 - 1))),0.6607487201690674,0.11955428123474121,gammaTime,0.656,1.0,(-T0*(x**7 - (x - 1)*(x**3 - 1)) + 2*x**3*(x**7 - 3*(x - 1)*(x**3 - 1)))/(x**7 - (x - 1)*(x**3 - 1)),0.10822010040283203,1.568462610244751,gammaTime,1.562,1.0,(-T0*(x**5 - 1)*(x**9 - (x**2 - 1)*(x**3 - 1)) + 2*x**5*(-x**10*(x + 1)*(x**3 - 1) + (x**5 - 1)*(x**11 + x**10 + x**9 - (x**2 - 1)*(x**3 - 1)*(x**2 + x + 1))))/((x**5 - 1)*(x**9 - (x**2 - 1)*(x**3 - 1)))
55,cartesian_to_polar_.to_polar,108.0*1.0**n,108.0*1.0**n,108.0*1.0**n,0.7629647254943848,0.172947883605957,0.7546625137329102,0.5947494506835938,0.03457784652709961,gammaTime,0.586,1.0,-T0 + x**5*(4*x**17 + 14*x**16 + 18*x**15 + 14*x**14 + 13*x**13 + 11*x**12 + 8*x**11 + 5*x**10 + x**9 + 3*x**8 + 5*x**7 + x**5 + 6*x**4 + 2*x**3 + 2*x + 1),0.1058051586151123,0.016856908798217773,gammaTime,0.103,1.0,-T0 + 12*x**3*(x*(x*(6*x + 1) + 1) + 1),0.032340049743652344,0.5867006778717041,gammaTime,0.578,1.0,-T0 + x**5*(4*x**17 + 14*x**16 + 18*x**15 + 14*x**14 + 13*x**13 + 11*x**12 + 8*x**11 + 5*x**10 + x**9 + 3*x**8 + 5*x**7 + x**5 + 6*x**4 + 2*x**3 + 2*x + 1)
56,catalan_.main,0.00617283950617284*1.0**n*n**3,0.166666666666667*1.0**n*n**3,0.00617283950617284*1.0**n*n**3,0.281566858291626,0.2139487266540527,0.2784113883972168,0.1717448234558105,0.032360076904296875,gammaTime,0.169,1.0,-T0 - x**12/(x**3 - 1)**3,0.1416213512420654,0.009869813919067383,gammaTime,0.14,1.0,-T0 - x**11/(x - 1)**3,0.029598474502563477,0.1746280193328857,gammaTime,0.172,1.0,-T0 - x**12/(x**3 - 1)**3
57,collatz_.main,1.0*1.18920711500272**n,0.5**(1 - n),1.0*1.18920711500272**n,0.3174021244049072,0.1993675231933593,0.3605351448059082,0.2230026721954345,0.029909610748291016,gammaTime,0.219,1.0,(-2*T0*x**4 + T0 - 2*x**5)/(2*x**4 - 1),0.1064090728759765,0.016763925552368164,gammaTime,0.105,1.0,(-2*T0*x + T0 - 2*x**3)/(2*x - 1),0.026955366134643555,0.2665200233459472,gammaTime,0.264,1.0,(-2*T0*x**4 + T0 - 2*x**5)/(2*x**4 - 1)
58,euclidean_algorithm_extended_.extended_euclidean_algorithm,0.142857142857143*1.0**n*n,0.2*1.0**n*n,0.142857142857143*1.0**n*n,0.5617032051086426,0.2542402744293213,0.5255217552185059,0.3673152923583984,0.06352400779724121,gammaTime,0.363,1.0,(-T0*x**14 + T0 - x**5 - x**4)/(x**14 - 1),0.1386120319366455,0.035904645919799805,gammaTime,0.136,1.0,(-T0*x**10 + T0 - 2*x**3)/(x**10 - 1),0.06121063232421875,0.3376290798187256,gammaTime,0.334,1.0,(-T0*x**14 + T0 - x**5 - x**4)/(x**14 - 1)
59,factorial_.main,0.135387609239746*1.26655954340542**n,0.100866759022179*1.75487766624669**n,0.135387609239746*1.26655954340542**n,1.180917263031006,0.6508331298828125,1.1805641651153564,0.828035831451416,0.05190277099609375,gammaTime,0.822,1.0,(-T0*(x**7 - x**5 + x**3 + x**2 - 1) + x**3*(x**7 + x**6 - x**5 - x**4 + x**3 + x**2 - 1))/(x**7 - x**5 + x**3 + x**2 - 1),0.3662214279174804,0.03796815872192383,gammaTime,0.364,1.0,(-T0*(x**3 - x**2 + 2*x - 1) + x**2*(2*x**3 - 2*x**2 + 2*x - 1))/(x**3 - x**2 + 2*x - 1),0.05163264274597168,0.7538695335388184,gammaTime,0.748,1.0,(-T0*(x**7 - x**5 + x**3 + x**2 - 1) + x**3*(x**7 + x**6 - x**5 - x**4 + x**3 + x**2 - 1))/(x**7 - x**5 + x**3 + x**2 - 1)
60,factorial_large_number_.main,0.0393544238328279*1.2626039468039**n,0.000187155504746583*2.03119973220211**n,0.0393544238328279*1.2626039468039**n,2.197723865509033,1.423114538192749,2.228605031967163,1.4805853366851809,0.09295034408569336,gammaTime,1.472,1.0,(-T0*(-x**11 + x**8 + (x**3 - 1)*(2*x**9*(x**3 + 1) - 2*x**5 - x**4*(x**3 + 1) + 1)) + 2*x**13*(-2*x**9*(x**3 + 1) + 2*x**5 + x**4*(x**3 + 1) - 1))/(-x**11 + x**8 + (x**3 - 1)*(2*x**9*(x**3 + 1) - 2*x**5 - x**4*(x**3 + 1) + 1)),0.9190177917480468,0.04349255561828613,gammaTime,0.913,1.0,(-T0*(-x**7 + x**6 + (x - 1)*(2*x**5*(x**2 + 1) - x**4*(x**2 + 1) - 2*x + 1)) + 2*x**9*(-2*x**5*(x**2 + 1) + x**4*(x**2 + 1) + 2*x - 1))/(-x**7 + x**6 + (x - 1)*(2*x**5*(x**2 + 1) - x**4*(x**2 + 1) - 2*x + 1)),0.09375214576721191,1.4804654121398926,gammaTime,1.472,1.0,(-T0*(-x**11 + x**8 + (x**3 - 1)*(2*x**9*(x**3 + 1) - 2*x**5 - x**4*(x**3 + 1) + 1)) + 2*x**13*(-2*x**9*(x**3 + 1) + 2*x**5 + x**4*(x**3 + 1) - 1))/(-x**11 + x**8 + (x**3 - 1)*(2*x**9*(x**3 + 1) - 2*x**5 - x**4*(x**3 + 1) + 1))
61,factorial_trailing_zeroes_.main,0.25*1.0**n*n,1.0**(n + 1)*n,0.25*1.0**n*n,0.1964399814605713,0.1536276340484619,0.1950092315673828,0.1244688034057617,0.009347677230834961,gammaTime,0.122,1.0,(-T0*x**4 + T0 - x**4)/(x**4 - 1),0.087270975112915,0.011226415634155273,gammaTime,0.086,1.0,(-T0*x + T0 - x**3)/(x - 1),0.009708642959594727,0.1215291023254394,gammaTime,0.119,1.0,(-T0*x**4 + T0 - x**4)/(x**4 - 1)
62,fibonacci_.fib,1.34276985357042**n,1.64375182951721**n,1.34276985357042**n,0.1239700317382812,0.0516676902770996,0.1283769607543945,0.0898869037628173,case 2,gammaTime,0.087,2.0,-T0 + x**2*(x**2*(x*(T0**2 + 1) + 1) + 1),0.0404095649719238,case 2,gammaTime,0.039,2.0,-T0 + x**2*(T0**2*x + 3),case 2,0.0912542343139648,gammaTime,0.089,2.0,-T0 + x**2*(x**2*(x*(T0**2 + 1) + 1) + 1)
63,fibonacci_dp_.fib,0.333333333333333*1.0**n*n,1.0**(n + 1)*n,0.333333333333333*1.0**n*n,0.2768023014068603,0.1200649738311767,0.2558996677398681,0.1656835079193115,0.020137548446655273,gammaTime,0.164,1.0,(-T0*x**3 + T0 + x**5 - x**4 - x**2)/(x**3 - 1),0.0593254566192626,0.00680088996887207,gammaTime,0.058,1.0,(-T0*x + T0 - x**2)/(x - 1),0.020843982696533203,0.14385986328125,gammaTime,0.142,1.0,(-T0*x**3 + T0 + x**5 - x**4 - x**2)/(x**3 - 1)
64,fibonacci_fast_.fib,0.529179712232089*1.28854058617506**n,0.666666666666667*1.5874010519682**n,0.529179712232089*1.28854058617506**n,0.4216916561126709,0.1669778823852539,0.3447062969207763,0.1315243244171142,0.09850502014160156,genFuncTime,0.157,1.0,-T0 + x**4*(x + 1)*(2*T0*x + 1),0.039626121520996,0.05303835868835449,genFuncTime,0.061,1.0,-T0 + x**2*(4*T0*x + 2),0.028269290924072266,0.1350300312042236,genFuncTime,0.146,1.0,-T0 + x**4*(x + 1)*(2*T0*x + 1)
65,fibonacci_formula_.fib,1.0**(n + 1),1.0**(n + 1),1.0**(n + 1),0.0396084785461425,0.0291221141815185,0.0368001461029052,0.0183846950531005,0.009012222290039062,gammaTime,0.016,1.0,-T0 + x**3,0.0111875534057617,0.007033348083496094,gammaTime,0.01,1.0,-T0 + x**2,0.00894927978515625,0.0161054134368896,gammaTime,0.015,1.0,-T0 + x**3
66,gcd_.GCD,0.333333333333333*1.0**n*n,0.333333333333333*1.0**n*n,0.333333333333333*1.0**n*n,0.1071960926055908,0.168238878250122,0.1078968048095703,0.0381140708923339,0.007285118103027344,genFuncTime,0.056,1.0,-T0 + x**3*(T0 + 1),0.0351178646087646,0.015292882919311523,genFuncTime,0.111,1.0,-T0 + x**2*(T0*x + 1),0.007926702499389648,0.0390181541442871,genFuncTime,0.055,1.0,-T0 + x**3*(T0 + 1)
67,is_armstrong_.main,1.0**(n + 1)*n,2.0*1.0**n*n,1.0**(n + 1)*n,0.2068784236907959,0.1675000190734863,0.202031135559082,0.1283609867095947,0.011964082717895508,gammaTime,0.126,1.0,(-T0*x**2 + T0 - 2*x**5)/(x**2 - 1),0.0910384654998779,0.007100820541381836,gammaTime,0.09,1.0,(-T0*x + T0 - 2*x**3)/(x - 1),0.010541677474975586,0.1270828247070312,gammaTime,0.125,1.0,(-T0*x**2 + T0 - 2*x**5)/(x**2 - 1)
68,large_factorials_.main,0.0674014912557928*1.31088904491452**n,0.00954812345704098*2.21773607613134**n,0.0674014912557928*1.31088904491452**n,2.543705701828003,1.178368330001831,2.719045400619507,1.7765440940856934,0.08189558982849121,gammaTime,1.77,1.0,(-T0*(x**13 + x**12 + x**11 + x**10 - x**9 - 3*x**8 - 2*x**7 - x**6 + 2*x**5 + x**4 + 2*x**3 - 1) + x**3*(x**13 + x**12 + x**11 - x**9 - 3*x**8 - 2*x**7 - x**6 + 2*x**5 + x**4 + 2*x**3 - 1))/(x**13 + x**12 + x**11 + x**10 - x**9 - 3*x**8 - 2*x**7 - x**6 + 2*x**5 + x**4 + 2*x**3 - 1),0.8061587810516357,0.04297447204589844,gammaTime,0.803,1.0,(-T0*(x**5 + 2*x**4 - x**3 - 4*x**2 + 4*x - 1) + x**3*(2*x**4 - x**3 - 4*x**2 + 4*x - 1))/(x**5 + 2*x**4 - x**3 - 4*x**2 + 4*x - 1),0.08527016639709473,1.8314902782440183,gammaTime,1.825,1.0,(-T0*(x**13 + x**12 + x**11 + x**10 - x**9 - 3*x**8 - 2*x**7 - x**6 + 2*x**5 + x**4 + 2*x**3 - 1) + x**3*(x**13 + x**12 + x**11 - x**9 - 3*x**8 - 2*x**7 - x**6 + 2*x**5 + x**4 + 2*x**3 - 1))/(x**13 + x**12 + x**11 + x**10 - x**9 - 3*x**8 - 2*x**7 - x**6 + 2*x**5 + x**4 + 2*x**3 - 1)
69,lcm_.lcm,0.333333333333333*1.0**n*n,0.333333333333333*1.0**n*n,0.333333333333333*1.0**n*n,0.162656545639038,0.144221544265747,0.1523220539093017,0.0806953907012939,0.01031041145324707,gammaTime,0.078,1.0,-T0 + x**3*(T0 + x**3),0.0704212188720703,0.011874914169311523,gammaTime,0.069,1.0,-T0 + x**3*(T0 + x),0.010034799575805664,0.0786657333374023,gammaTime,0.076,1.0,-T0 + x**3*(T0 + x**3)
70,lerp_.main,0.166666666666667*1.0**n*n,0.25*1.0**n*n,0.166666666666667*1.0**n*n,0.2497494220733642,0.2088358402252197,0.2432811260223388,0.1496546268463134,0.02629542350769043,gammaTime,0.147,1.0,(-T0*x**6 + T0 - x**3)/(x**6 - 1),0.1379625797271728,0.008809804916381836,gammaTime,0.136,1.0,(-T0*x**4 + T0 - x**3)/(x**4 - 1),0.02431797981262207,0.1413319110870361,gammaTime,0.139,1.0,(-T0*x**6 + T0 - x**3)/(x**6 - 1)
71,palindrome_.isPalindrome,0.5*1.0**n*n,1.0**(n + 1)*n,0.5*1.0**n*n,0.163658857345581,0.1487488746643066,0.1725358963012695,0.0975773334503173,0.007123708724975586,gammaTime,0.096,1.0,(-T0*x**2 + T0 - x**3)/(x**2 - 1),0.0869843959808349,0.009099245071411133,gammaTime,0.086,1.0,(-T0*x + T0 - x**3)/(x - 1),0.007030010223388672,0.0934145450592041,gammaTime,0.092,1.0,(-T0*x**2 + T0 - x**3)/(x**2 - 1)
72,prime_.isPrime,0.5*1.0**n*n,2.0*1.0**n*n,0.5*1.0**n*n,0.7783982753753662,0.2114303112030029,0.6260316371917725,0.6072900295257568,0.01964545249938965,gammaTime,0.604,1.0,(-T0*(x**3 - x**2 + x - 1) + x**3*(x**5 - x**4 + x**3 - x**2 - 1))/(x**3 - x**2 + x - 1),0.1109364032745361,0.009437799453735352,gammaTime,0.109,1.0,(-T0*(x - 1) + x**2*(x - 3))/(x - 1),0.018246173858642578,0.4639513492584228,gammaTime,0.461,1.0,(-T0*(x**3 - x**2 + x - 1) + x**3*(x**5 - x**4 + x**3 - x**2 - 1))/(x**3 - x**2 + x - 1)
73,prime_factoriziation_.int_fact,0.0487628347895028*1.32968650903901**n,0.187499290672309*1.93283871112598**n,0.0487628347895028*1.32968650903901**n,2.7820799350738525,1.2541370391845703,2.328751564025879,2.2271084785461426,0.06986355781555176,gammaTime,2.218,1.0,(-T0*x**9 - T0*x**8 - T0*x**6 - 2*T0*x**4 + T0 - x**20 - x**19 - x**17 + x**14 + x**13 + x**12 + x**11 + 4*x**10 + 3*x**8 + x**6 - x**4 - x**2)/(x**9 + x**8 + x**6 + 2*x**4 - 1),0.8127272129058838,0.06460690498352051,gammaTime,0.809,1.0,(-T0*(3*x**4 + x**2 + x - 1) + x**2*(-3*x**5 + 9*x**4 + x**2 + 3*x - 3))/(3*x**4 + x**2 + x - 1),0.06880450248718262,1.8278043270111084,gammaTime,1.819,1.0,(-T0*x**9 - T0*x**8 - T0*x**6 - 2*T0*x**4 + T0 - x**20 - x**19 - x**17 + x**14 + x**13 + x**12 + x**11 + 4*x**10 + 3*x**8 + x**6 - x**4 - x**2)/(x**9 + x**8 + x**6 + 2*x**4 - 1)
74,prime_sieve_.prime,0.591228844028448*1.22074408460576**n,0.125*2.0**n,0.591228844028448*1.22074408460576**n,0.6453959941864014,0.2718863487243652,0.6373891830444336,0.4313499927520752,0.03799033164978027,gammaTime,0.427,1.0,(-T0*(x**4 + x**3 - 1) - x**5)/(x**4 + x**3 - 1),0.1906900405883789,0.008138418197631836,gammaTime,0.189,1.0,(-2*T0*x + T0 - x**4)/(2*x - 1),0.04279613494873047,0.4210414886474609,gammaTime,0.417,1.0,(-T0*(x**4 + x**3 - 1) - x**5)/(x**4 + x**3 - 1)
75,strong_number_.isStrong,0.26623006591658*1.22074408460576**n,0.170820393249937*1.61803398874989**n,0.26623006591658*1.22074408460576**n,0.7190835475921631,0.3791096210479736,0.62148118019104,0.3911502361297607,0.041350603103637695,gammaTime,0.388,1.0,(-T0*(x**4 + x**3 - 1) + x**3*(x**5 + x**4 + x**3 - x**2 - 1))/(x**4 + x**3 - 1),0.1755847930908203,0.016680479049682617,genFuncTime,0.18,1.0,(-T0*(x**2 + x - 1) + x**2*(2*x**2 - 1))/(x**2 + x - 1),0.0400238037109375,0.3739252090454101,gammaTime,0.371,1.0,(-T0*(x**4 + x**3 - 1) + x**3*(x**5 + x**4 + x**3 - x**2 - 1))/(x**4 + x**3 - 1)
76,even_odd_f2f_.is_even,0.333333333333333*1.0**n*n,0.333333333333333*1.0**n*n,0.333333333333333*1.0**n*n,0.1639027595520019,0.1649067401885986,0.1769473552703857,0.0801103115081787,0.010928153991699219,gammaTime,0.078,1.0,-T0 + x**3*(x**3*(T0 + 1) + 1),0.0790143013000488,0.011362552642822266,gammaTime,0.077,1.0,T0*x**6 - T0 + x**5 + x**2,0.011204719543457031,0.0842666625976562,gammaTime,0.082,1.0,-T0 + x**3*(x**3*(T0 + 1) + 1)
77,palindrome_recursive_.palindrome_r,0.5*1.0**n*n,0.666666666666667*1.0**n*n,0.5*1.0**n*n,0.1359162330627441,0.0968446731567382,0.1343257427215576,0.0594871044158935,0.009857654571533203,genFuncTime,0.062,1.0,-T0 + x**3*(x*(T0 + 1) + 1),0.0331940650939941,0.008406400680541992,genFuncTime,0.05,1.0,-T0 + x**2*(T0*x + 2),0.009559392929077148,0.0596520900726318,genFuncTime,0.06,1.0,-T0 + x**3*(x*(T0 + 1) + 1)
78,partition_f2f_.partition,0.723606797749937*1.12783848556168**n,0.396650638159203*1.38027756909761**n,0.723606797749937*1.12783848556168**n,0.4654855728149414,0.4032528400421142,0.4851527214050293,0.2002568244934082,0.06331729888916016,gammaTime,0.196,1.0,(-T0*(x**8 + x**4 - 1) - x**6)/(x**8 + x**4 - 1),0.1482965946197509,0.04114365577697754,genFuncTime,0.173,1.0,(-T0*(x**4 + x - 1) - x**5)/(x**4 + x - 1),0.08542513847351074,0.2034783363342285,gammaTime,0.201,1.0,(-T0*(x**8 + x**4 - 1) - x**6)/(x**8 + x**4 - 1)
