,graph_name,noBranchingapc,noBranching_time,noBranchingMathTime,noBranchingFirstHalfTime,(no)longest for getrgf,(no)longest time,noBranchingCase,noBranchingGamma
0,bead_sort_.bead_sort,0.369749676356311*1.29646623878369**n,5.233794450759888,0.10276222229003906,4.233521938323975,gammaTime,4.207,1.0,-T0 + x**2*(x**16 - 3*x**13 + 3*x**10 - x**7)/(x**19 + x**17 + x**15 + x**14 + 3*x**13 + 2*x**12 + 2*x**11 - 2*x**10 - 3*x**9 - 5*x**8 - x**7 - 2*x**6 + 2*x**5 + x**4 + 3*x**3 - 1)
1,binary_insertion_sort_.insertionSort,0.104279433436291*1.31757057715522**n,0.9183306694030762,0.06048846244812012,0.5639870166778564,gammaTime,0.557,1.0,(-T0*(x**9*(2*x + 1) - (x**2 - 1)*(2*x**5 - 1)) - x**3*(x**2 - 1)*(2*x**5 - 1))/(x**9*(2*x + 1) - (x**2 - 1)*(2*x**5 - 1))
2,bogo_sort_.bogo_sort,0.243026412699793*1.25114340025968**n,0.8180058002471924,0.05228757858276367,0.5009942054748535,gammaTime,0.497,1.0,(-T0*x**9*(x + 1) + (x**3 - 1)*(T0*(x**3 - 1) + x**7*(x + 1)))/(x**9*(x + 1) - (x**3 - 1)**2)
3,bubble_sort_.bubbleSort,0.417237987926219*1.21060779440609**n,1.0912580490112305,0.12233090400695801,0.48636937141418457,gammaTime,0.481,1.0,(-T0*(x**8 + x**6 + x**4 - 1) + x**3*(x**8 - 1))/(x**8 + x**6 + x**4 - 1)
4,bubble_sort_2_.bubble_sort,0.173947223947289*1.29064880134671**n,0.5962681770324707,0.05451178550720215,0.32950735092163086,gammaTime,0.326,1.0,(-T0*(x**5 + 2*x**4 - 1) + x**3*(x**5 + x**4 - 1))/(x**5 + 2*x**4 - 1)
5,bubble_sort_recursion_.bubbleSort,0.532705379942536*1.21060779440609**n,0.7714939117431641,0.052652597427368164,0.4158759117126465,gammaTime,0.412,1.0,(-T0*x**8 - T0*x**6 - T0*x**4 + T0 + x**11 + x**7 - x**5 - x**3)/(x**8 + x**4 - 1)
6,bucket_sort_.BucketSort,0.0041669339408508*1.39320507989707**n,50.679545402526855,0.2107701301574707,45.702391624450684,gammaTime,45.686,1.0,(-2*T0*x**41 - 5*T0*x**40 - 8*T0*x**39 - 12*T0*x**38 - 21*T0*x**37 - 29*T0*x**36 - 28*T0*x**35 - 21*T0*x**34 - 20*T0*x**33 - 9*T0*x**32 + 20*T0*x**31 + 51*T0*x**30 + 55*T0*x**29 + 52*T0*x**28 + 63*T0*x**27 + 59*T0*x**26 + 12*T0*x**25 - 33*T0*x**24 - 43*T0*x**23 - 41*T0*x**22 - 65*T0*x**21 - 68*T0*x**20 - 26*T0*x**19 + 10*T0*x**18 + 16*T0*x**17 + 19*T0*x**16 + 38*T0*x**15 + 37*T0*x**14 + 11*T0*x**13 - T0*x**12 - 8*T0*x**10 - 16*T0*x**9 - 11*T0*x**8 + T0*x**7 + T0*x**6 - 2*T0*x**5 + 2*T0*x**4 + 4*T0*x**3 + 2*T0*x**2 - T0*x - T0 + 2*x**26 + 3*x**25 + 2*x**24 - x**23 - x**22 + 4*x**21 + 2*x**20 - 4*x**19 - 5*x**18 - x**17 + 2*x**16 + x**15)/(2*x**41 + 5*x**40 + 8*x**39 + 12*x**38 + 21*x**37 + 29*x**36 + 28*x**35 + 21*x**34 + 20*x**33 + 9*x**32 - 20*x**31 - 51*x**30 - 55*x**29 - 52*x**28 - 63*x**27 - 59*x**26 - 12*x**25 + 33*x**24 + 43*x**23 + 41*x**22 + 65*x**21 + 68*x**20 + 26*x**19 - 10*x**18 - 16*x**17 - 19*x**16 - 38*x**15 - 37*x**14 - 11*x**13 + x**12 + 8*x**10 + 16*x**9 + 11*x**8 - x**7 - x**6 + 2*x**5 - 2*x**4 - 4*x**3 - 2*x**2 + x + 1)
7,cocktail_sort_.cocktailSort,0.173608633704986*1.30592340577239**n,1.9042847156524658,0.06701087951660156,1.1721999645233154,gammaTime,1.167,1.0,(-T0*(x**9 + 3*x**8 + 4*x**7 + 3*x**6 + 3*x**5 + x**4 - x**3 - x**2 - x - 1) + x**3*(x**9 + 2*x**8 + 2*x**7 + 2*x**6 + 2*x**5 - x**3 - x**2 - x - 1))/(x**9 + 3*x**8 + 4*x**7 + 3*x**6 + 3*x**5 + x**4 - x**3 - x**2 - x - 1)
8,comb_sort_.sort,0.128204331859379*1.35320996419932**n,0.5619926452636719,0.03661227226257324,0.3265995979309082,gammaTime,0.324,1.0,(-T0*(2*x**4 + x**3 - 1) + x**3*(x**4 + x**3 - 1))/(2*x**4 + x**3 - 1)
9,counting_sort_.main,1.06732724481572*1.24874608115598**n,1.576875925064087,0.07612848281860352,0.9963343143463135,gammaTime,0.991,1.0,-T0 + x**7*(x + 1)/(x**14 + x**13 + x**10 + 2*x**9 + 3*x**8 + x**7 - x**6 - 3*x**5 - 3*x**4 - x**3 + x + 1)
10,cycle_sort_.cycleSort,0.039284965877196*1.35597563564677**n,5.433715581893921,0.12966251373291016,4.350443124771118,gammaTime,4.342,1.0,(-T0*(x**20 + x**19 + x**17 + 2*x**16 + x**15 - x**12 - 2*x**11 + x**10 + 2*x**9 + 2*x**8 + x**7 + x**6 - 2*x**5 - 2*x**4 - x**2 + 1) + x**3*(x**16 + x**15 - 2*x**11 + 2*x**9 + x**8 + x**7 + 2*x**6 - 2*x**5 - 2*x**4 - x**2 + 1))/(x**20 + x**19 + x**17 + 2*x**16 + x**15 - x**12 - 2*x**11 + x**10 + 2*x**9 + 2*x**8 + x**7 + x**6 - 2*x**5 - 2*x**4 - x**2 + 1)
11,gnome_sort_.sort,0.527997910385537*1.24985158886433**n,0.47879672050476074,0.033643484115600586,0.19273853302001953,genFuncTime,0.212,1.0,(-T0*(x**6 + x**5 + x**4 - 1) - x**3)/(x**6 + x**5 + x**4 - 1)
12,heap_sort_.heapsort,0.0701906659058742*1.34582785872077**n,1.3035500049591064,0.07896828651428223,0.7289855480194092,gammaTime,0.724,1.0,(-T0*x**6*(x**5 + x**4 + x**3 + 1) - (T0 - x**3)*(x**9 + 2*x**8 + 2*x**7 + x**6 - 1))/(x**9 + 2*x**8 + 2*x**7 + x**6*(x**5 + x**4 + x**3 + 1) + x**6 - 1)
13,heap_sort_2_.heapSort,0.531426478625439*1.22074408460569**n,4.110544681549072,0.15289831161499023,2.086871862411499,gammaTime,2.079,1.0,-T0 + x*(x**5/(x**13*(x + 1)*(x**8 + x**7 + x**6 + x**3)/((x**7 + x**6 - 1)*(x**10 + x**9 + x**8 - 1)) + x**7*(x + 1)/(x**7 + x**6 - 1) + x**6*(x**8 + x**7 + x**6 + x**3)/(x**10 + x**9 + x**8 - 1) + 1) + x**2)
14,insertion_sort_.insertionSort,0.106459179366085*1.34844773121226**n,0.8063526153564453,0.051741838455200195,0.4150726795196533,gammaTime,0.412,1.0,(-T0*(x**7 + x**6 + x**4 + x**3 - 1) + x**3*(x**4 + x**3 - 1))/(x**7 + x**6 + x**4 + x**3 - 1)
15,insertion_sort_recursive_.RecursionInsertionSort,0.106459179366085*1.34844773121226**n,0.6579234600067139,0.03281378746032715,0.34507322311401367,gammaTime,0.343,1.0,(-T0*(x**4 + x**3 - 1) + x**3*(-T0*x**3*(x + 1) + x**4 + x**3 - 1))/(x**4 + x**3 - 1)
16,merge_sort_.merge_sort,1.37031143681497**n,3.082041025161743,case 2,1.9314758777618408,gammaTime,1.922,2.0,-T0 + x**4*(-T0**2*x**2*(2*x**10/(2*x**10 - 2*x**8 - 2*x**7 + 2*x**5 - x**4 + x**3 + x - 1) - x) + x**4 + 2)
17,merge_sort_nr_.mergesort,0.00617030003416683*1.40534464002752**n,4.531008958816528,0.12055325508117676,3.4847512245178223,gammaTime,3.477,1.0,(-T0*(-2*x**17 - 2*x**16 + 2*x**15 + 2*x**14 + x**11 - x**9 + (x**3 - 1)*(2*x**13 + 2*x**12 + 4*x**11 + 2*x**10 - 2*x**9 - 4*x**8 - 2*x**7 + 2*x**6 + x**5 + x**3 + x**2 - 1)) + x**3*(x**3 - 1)*(2*x**13 + 2*x**12 + 4*x**11 + 2*x**10 - 2*x**9 - 4*x**8 - 2*x**7 + 2*x**6 + x**5 + x**3 + x**2 - 1))/(-2*x**17 - 2*x**16 + 2*x**15 + 2*x**14 + x**11 - x**9 + (x**3 - 1)*(2*x**13 + 2*x**12 + 4*x**11 + 2*x**10 - 2*x**9 - 4*x**8 - 2*x**7 + 2*x**6 + x**5 + x**3 + x**2 - 1))
18,multikey_quick_sort_.ssort1main,1.46339257546651**n,110.84332489967346,case 2,5.994715452194214,realnrootsTime,53.445,2.0,(-T0*(x**2 - 1)**2*(x**12 + 4*x**11 + 5*x**10 + 2*x**9 - 2*x**6 - 4*x**5 - 2*x**4 + 1) + x**6*(4*T0**2*x**12*(2*T0*x + T0 + x**2*(T0 + x**2 + 2*x + 1)) + (x**2 - 1)**2*(x**12 + 4*x**11 + 5*x**10 + 2*x**9 - 2*x**6 - 4*x**5 - 2*x**4 + 1)))/((x**2 - 1)**2*(x**12 + 4*x**11 + 5*x**10 + 2*x**9 - 2*x**6 - 4*x**5 - 2*x**4 + 1))
19,odd_even_sort_.oddEvenSort,0.114898719951153*1.27626665576065**n,1.4612798690795898,0.09018898010253906,0.9445540904998779,gammaTime,0.939,1.0,(-T0*(x**16 + 2*x**12 - x**8 - x**6 - 2*x**4 + 1) + x**3*(x**16 + 2*x**12 - x**8 - 2*x**4 + 1))/(x**16 + 2*x**12 - x**8 - x**6 - 2*x**4 + 1)
20,pancake_sort_.pancakeSort,0.0957420817727813*1.2878033636613**n,1.2525885105133057,0.07600045204162598,0.600733757019043,gammaTime,0.596,1.0,-T0 + x**3/(x**14/((x**2 - 1)**2*(x**5 + x**4 - 1)) + x**7/(x**5 + x**4 - 1) + 1)
21,partition_sort_.partitionSort,1.29602933651131**n,0.964820384979248,case 2,0.6031959056854248,gammaTime,0.598,2.0,-T0 - x**2*(T0**2*x**10/(x**11 - x**4 + 2*x**2 - 1) - 1)
22,patience_sort_.patienceSort,0.117948019318271*1.34114339071402**n,4.545774221420288,0.11868548393249512,3.425014019012451,gammaTime,3.415,1.0,-T0 + x**9*(x**7 + 2*x**6 + 2*x**5 + x**4 - x - 1)/(x**18 + 2*x**17 + 3*x**16 + x**15 - 2*x**14 - 4*x**13 - 5*x**12 - 4*x**11 - 5*x**10 - 3*x**9 - x**8 + x**7 + 2*x**6 + 2*x**5 + 3*x**4 + 2*x**3 - x - 1)
23,pigeonhole_sort_.pigeonholeSort,2.39559553906698*1.26277545299632**n,2.7715976238250732,0.09948301315307617,1.8472633361816406,gammaTime,1.841,1.0,-T0 - x**9*(x + 1)/(x**17 + 3*x**16 + 4*x**15 + 3*x**14 + x**13 - x**12 - 4*x**11 - 8*x**10 - 7*x**9 - 2*x**8 + 3*x**7 + 3*x**6 + 2*x**5 + 2*x**4 + 2*x**3 - x - 1)
24,quick_sort_.quickSort,1.23616310201623**n,0.4946105480194092,case 2,0.3307509422302246,gammaTime,0.326,2.0,(-T0*(x**8 + x**4 - 1) + x**2*(-T0**2*x**7 + x**8 + x**4 - 1))/(x**8 + x**4 - 1)
25,radix_sort_.RadixSort,0.163860778365951*1.28181627072238**n,4.161105394363403,0.10908985137939453,3.173386812210083,gammaTime,3.164,1.0,(-T0*(x**5 + x**4 - 1)*(2*x**12 + 2*x**11 + x**10 - x**9 - 2*x**8 - 3*x**7 - 2*x**6 + x**5 + 3*x**4 + 3*x**3 - x - 1) + x**8*(x**10 + x**9 + 2*x**8 - 3*x**5 - 2*x**4 - 2*x**3 + x**2 + x + 1))/((x**5 + x**4 - 1)*(2*x**12 + 2*x**11 + x**10 - x**9 - 2*x**8 - 3*x**7 - 2*x**6 + x**5 + 3*x**4 + 3*x**3 - x - 1))
26,radix_sort_2_.radixsort2,0.101456341927512*1.27284277900789**n,1.2514805793762207,0.08137392997741699,0.8272473812103271,gammaTime,0.822,1.0,(T0*x**11 - (T0 - x**3)*(x**12 - 4*x**9 + 6*x**6 - 4*x**3 + 1))/(x**12 - x**11 - 4*x**9 + 6*x**6 - 4*x**3 + 1)
27,random_quick_sort_.random_quick,1.30640546411564**n,2.152348279953003,case 2,1.2528316974639893,gammaTime,1.242,2.0,(-T0*(x**13 - (x**3 - x**2 + x - 1)**2) + x**3*(-T0**2*x**13*(x**5 + x**4 + 2*x**2 + 2*x + 1) + x**13 - (x**3 - x**2 + x - 1)**2))/(x**13 - (x**3 - x**2 + x - 1)**2)
28,selection_sort_.selectionSort,0.136868029964744*1.27404951985022**n,0.9722929000854492,0.12072420120239258,0.49152112007141113,gammaTime,0.487,1.0,(-T0*(x**10 + x**6 + x**5 + x**4 - 1) + x**3*(x**5 + x**4 - 1))/(x**10 + x**6 + x**5 + x**4 - 1)
29,selection_sort_recursive_.selectionSort,0.126226716088359*1.25738147630109**n,0.6728575229644775,0.07254600524902344,0.2530531883239746,gammaTime,0.249,1.0,(-T0*(x**5 + x**4 - 1) + x**3*(-T0*x**4*(x**4 + 1) + x**5 + x**4 - 1))/(x**5 + x**4 - 1)
30,shaker_sort_.shakersort,0.122537298997777*1.25986094258467**n,1.524430513381958,0.0970926284790039,0.924560546875,gammaTime,0.917,1.0,(-T0*(x**16 + 2*x**12 - x**8 - x**7 - 2*x**4 + 1) + x**3*(x**16 + 2*x**12 - x**8 - 2*x**4 + 1))/(x**16 + 2*x**12 - x**8 - x**7 - 2*x**4 + 1)
31,shell_sort_.shellSort,0.0857024477555051*1.26151684096538**n,1.4762187004089355,0.0675814151763916,0.9908902645111084,gammaTime,0.986,1.0,(-T0*(-x**13 - x**12 + x**8 + 2*x**7 + x**6 + x**5 - 1) + x**3*(x**8 + 2*x**7 + x**6 - 1))/(-x**13 - x**12 + x**8 + 2*x**7 + x**6 + x**5 - 1)
32,shell_sort2_.shell_sort,0.040929564523023*1.32471795724478**n,1.1578519344329834,0.05263352394104004,0.7185826301574707,gammaTime,0.714,1.0,(-T0*(-x**10 - x**9 + x**7 + x**6 + 2*x**5 + x**4 - 1) + x**3*(x**7 + x**6 + x**5 + x**4 - 1))/(-x**10 - x**9 + x**7 + x**6 + 2*x**5 + x**4 - 1)
33,stooge_sort_.stoogesort,1.34707687617538**n,0.8918852806091309,case 2,0.09467339515686035,realnrootsTime,0.411,2.0,-T0 + x**4*(T0**3 + 1)*(x + 1)
34,binary_search_.binarysearch2,3.0*1.12246204830937**n,0.49459385871887207,0.13315296173095703,0.2468094825744629,gammaTime,0.244,1.0,(-2*T0*x**6 + T0 - x**6 - x**5 - x**4)/(2*x**6 - 1)
35,binary_search_.binarysearch1,2.0*1.14869835499704**n,0.3117716312408447,0.11956954002380371,0.08134174346923828,getrgfTime,0.12,1.0,-T0 + x**3*(x*(2*T0*x + 1) + 1)
36,exponential_search_.exponential_search,5.00647414679339*1.22074408460576**n,1.0708720684051514,0.08151030540466309,0.6384372711181641,gammaTime,0.633,1.0,(-T0*(2*x**5 - 1)*(x**4 + x**3 - 1) + x**3*(x**7*(x + 1)*(x**2 + 2*x + 1) + (2*x**5 - 1)*(x**4 + x**3 - 1)))/((2*x**5 - 1)*(x**4 + x**3 - 1))
37,fibonacci_search_.fibMonaccianSearch,2.33520478818276*1.22250978747803**n,0.9102051258087158,0.05366873741149902,0.6259057521820068,gammaTime,0.62,1.0,(-T0*(2*x**10 - 2*x**6 - x**2 + 1) + x**7*(2*x**3 + 2*x + 1))/(2*x**10 - 2*x**6 - x**2 + 1)
38,floyd_cycle_detection_algorithm_.duplicateNumber,0.125*1.0**n*n**2,0.5154249668121338,0.019885540008544922,0.359938383102417,gammaTime,0.357,1.0,(-T0*(x**4 - 2*x**2 + 1) + x**3*(x**5 + x**4 - 2*x**2 + 1))/(x**4 - 2*x**2 + 1)
39,interpolation_search_.interpolationSearch,0.65579051314241*1.30238763446289**n,0.9701104164123535,0.06017184257507324,0.4673299789428711,gammaTime,0.464,1.0,(-T0*(x**9 + x**8 + 2*x**7 + x**6 + x**5 - 1) + x**5*(-x**4 - x**3 - 2*x**2 - x - 1))/(x**9 + x**8 + 2*x**7 + x**6 + x**5 - 1)
40,jump_search_.jump_search,0.599999999999999*1.14869835499704**n*n,1.130500078201294,0.15024685859680176,0.8228785991668701,gammaTime,0.818,1.0,(-T0*(4*x**10 - 4*x**5 + 1) + x**7*(-4*x**5 + 4*x**4 + 4*x**2 + 2))/(4*x**10 - 4*x**5 + 1)
41,linear_search_.linearsearch,0.5*1.0**n*n,0.27391481399536133,0.011949300765991211,0.1738574504852295,gammaTime,0.171,1.0,(-T0*(x**3 - x**2 + x - 1) - x**4)/(x**3 - x**2 + x - 1)
42,modified_binary_search_.modifiedBinarySearch,0.375*1.12246204830937**n*n,1.5178072452545166,0.20915794372558594,1.0288865566253662,gammaTime,1.019,1.0,(-4*T0*x**12 + 4*T0*x**6 - T0 + 2*x**20 + 4*x**19 + 3*x**18 + x**17 + x**15 - 3*x**14 - 2*x**13 - 4*x**12 + 2*x**8 + x**7 + 2*x**6)/(4*x**12 - 4*x**6 + 1)
43,other_binary_search_.binarySearch,2.0*1.12246204830937**n,0.43645715713500977,0.1567692756652832,0.2039356231689453,gammaTime,0.201,1.0,(-2*T0*x**6 + T0 - x**5 - x**4)/(2*x**6 - 1)
44,sentinel_linear_search_.sentinel_linear_search,1.0**(n + 1)*n,0.3472268581390381,0.01912379264831543,0.22408103942871094,gammaTime,0.221,1.0,(-T0*x**2 + T0 - 2*x**7 + x**5 - x**3)/(x**2 - 1)
45,ternary_search_.ternarySearch,1.54802136333746*1.17969389074151**n,0.4427938461303711,0.04230690002441406,0.1576366424560547,genFuncTime,0.189,1.0,-T0 + x**3*(x*(x*(T0*x*(2*x + 1) + 1) + 1) + 1)
46,boyer_moore_search_.boyer_moore_search,0.0452772335377073*1.37600253791232**n,1.8101963996887207,0.11067628860473633,0.9724729061126709,gammaTime,0.966,1.0,(-T0*(x**6 - 2*x**3 + 1)*(2*x**11 + 4*x**10 + 2*x**9 + x**4 + x**3 - 1) + x**8*(x**4 + x**3 - 1))/((x**6 - 2*x**3 + 1)*(2*x**11 + 4*x**10 + 2*x**9 + x**4 + x**3 - 1))
47,naive_search_.naive_search,0.223305074822621*1.28519903324544**n,0.5860946178436279,0.03602313995361328,0.3363006114959717,gammaTime,0.333,1.0,(-T0*(x**6 + x - 1) + x**3*(x - 1))/(x**6 + x - 1)
48,rabin_karp_search_.rabin_karp_search,0.185418826032106*1.32471795724478**n,1.7267475128173828,0.07929587364196777,1.0998742580413818,gammaTime,1.093,1.0,-T0 + x**7/(x**15 + 2*x**14 + 2*x**13 - x**12 - 3*x**11 - 2*x**10 + x**9 + 2*x**8 - x**5 - 2*x**3 + 1)
49,dijkstra_.dijkstra,0.0261473140648364*1.24759109662736**n,2.300706148147583,0.10457634925842285,1.6034975051879883,gammaTime,1.594,1.0,-T0 - x**8*(x**7 + x**6 + x**4 - 1)/(x**18 + x**17 + x**15 + 2*x**14 + x**13 + x**12 + x**11 - x**10 - x**8 - 2*x**7 - x**6 - x**4 + 1)
50,prim_.prim,0.0430092029804531*1.3438087008139**n,2.8807311058044434,0.09582090377807617,2.017432451248169,gammaTime,2.011,1.0,(-T0*(x**14 + x**13 - x**11 - x**10 - x**8 + x**5 + (x**5 + x**4 - 1)*(x**9 + x**8 + x**7 - x**6 - x**5 - x**4 - x**3 + 1)) + x**5*(-x**11 - x**10 - x**9 + x**5 - (x**5 + x**4 - 1)*(x**6 + x**5 + x**4 - 1)))/(x**14 + x**13 - x**11 - x**10 - x**8 + x**5 + (x**5 + x**4 - 1)*(x**9 + x**8 + x**7 - x**6 - x**5 - x**4 - x**3 + 1))
51,lcs_.lcsbuild,0.229931454099601*1.30793010592736**n,0.9923784732818604,0.06115150451660156,0.5230164527893066,gammaTime,0.519,1.0,(-T0*(2*x**8 + 2*x**7 + x**6 + x**5 - 1) + x**3*(2*x**8 + 2*x**7 + x**6 + x**5 - x**4 - x**3 - 1))/(2*x**8 + 2*x**7 + x**6 + x**5 - 1)
52,matrix_chain_order_.matrixChainOrder,0.0692422378637588*1.29707968347547**n,2.748551607131958,0.09918642044067383,1.6856229305267334,gammaTime,1.679,1.0,-T0 + x**2*(2*x**12 + x**11 - x**7)/(x**19 + x**18 - 3*x**16 - 3*x**15 - 3*x**14 + 2*x**13 + 3*x**12 + 9*x**11 + 2*x**10 - 9*x**8 - 3*x**7 - 3*x**6 + 3*x**5 + x**4 + 3*x**3 - 1)
53,armstrong_number_.isArmstrong,1.34590019263237**n,129.63086700439453,case 2,0.6685445308685303,realnrootsTime,65.706,2.0,-T0*(T0*(x**2 - 1)*(T0*(x**2 - 1) + 2*x**8) - x**2*(T0**2*x**3*(x**2 - 1)**2 + 2*(T0*(x**2 - 1) + 2*x**8)**2))/(T0**2*(x**2 - 1)**2 - x**2*(T0**2*x**3*(x**2 - 1)**2 + 2*(T0*(x**2 - 1) + 2*x**8)**2))
54,cantor_set_.main,0.246368042775306*1.22920767830819**n,2.3174543380737305,0.12097406387329102,1.533897876739502,gammaTime,1.527,1.0,(-T0*(x**5 - 1)*(x**9 - (x**2 - 1)*(x**3 - 1)) + 2*x**5*(-x**10*(x + 1)*(x**3 - 1) + (x**5 - 1)*(x**11 + x**10 + x**9 - (x**2 - 1)*(x**3 - 1)*(x**2 + x + 1))))/((x**5 - 1)*(x**9 - (x**2 - 1)*(x**3 - 1)))
55,cartesian_to_polar_.to_polar,108.0*1.0**n,0.7629647254943848,0.03457784652709961,0.5947494506835938,gammaTime,0.586,1.0,-T0 + x**5*(4*x**17 + 14*x**16 + 18*x**15 + 14*x**14 + 13*x**13 + 11*x**12 + 8*x**11 + 5*x**10 + x**9 + 3*x**8 + 5*x**7 + x**5 + 6*x**4 + 2*x**3 + 2*x + 1)
56,catalan_.main,0.00617283950617284*1.0**n*n**3,0.281566858291626,0.032360076904296875,0.17174482345581055,gammaTime,0.169,1.0,-T0 - x**12/(x**3 - 1)**3
57,collatz_.main,1.0*1.18920711500272**n,0.3174021244049072,0.029909610748291016,0.22300267219543457,gammaTime,0.219,1.0,(-2*T0*x**4 + T0 - 2*x**5)/(2*x**4 - 1)
58,euclidean_algorithm_extended_.extended_euclidean_algorithm,0.142857142857143*1.0**n*n,0.5617032051086426,0.06352400779724121,0.36731529235839844,gammaTime,0.363,1.0,(-T0*x**14 + T0 - x**5 - x**4)/(x**14 - 1)
59,factorial_.main,0.135387609239746*1.26655954340542**n,1.1809172630310059,0.05190277099609375,0.828035831451416,gammaTime,0.822,1.0,(-T0*(x**7 - x**5 + x**3 + x**2 - 1) + x**3*(x**7 + x**6 - x**5 - x**4 + x**3 + x**2 - 1))/(x**7 - x**5 + x**3 + x**2 - 1)
60,factorial_large_number_.main,0.0393544238328279*1.2626039468039**n,2.197723865509033,0.09295034408569336,1.4805853366851807,gammaTime,1.472,1.0,(-T0*(-x**11 + x**8 + (x**3 - 1)*(2*x**9*(x**3 + 1) - 2*x**5 - x**4*(x**3 + 1) + 1)) + 2*x**13*(-2*x**9*(x**3 + 1) + 2*x**5 + x**4*(x**3 + 1) - 1))/(-x**11 + x**8 + (x**3 - 1)*(2*x**9*(x**3 + 1) - 2*x**5 - x**4*(x**3 + 1) + 1))
61,factorial_trailing_zeroes_.main,0.25*1.0**n*n,0.1964399814605713,0.009347677230834961,0.12446880340576172,gammaTime,0.122,1.0,(-T0*x**4 + T0 - x**4)/(x**4 - 1)
62,fibonacci_.fib,1.34276985357042**n,0.12397003173828125,case 2,0.08988690376281738,gammaTime,0.087,2.0,-T0 + x**2*(x**2*(x*(T0**2 + 1) + 1) + 1)
63,fibonacci_dp_.fib,0.333333333333333*1.0**n*n,0.27680230140686035,0.020137548446655273,0.16568350791931152,gammaTime,0.164,1.0,(-T0*x**3 + T0 + x**5 - x**4 - x**2)/(x**3 - 1)
64,fibonacci_fast_.fib,0.529179712232089*1.28854058617506**n,0.4216916561126709,0.09850502014160156,0.13152432441711426,genFuncTime,0.157,1.0,-T0 + x**4*(x + 1)*(2*T0*x + 1)
65,fibonacci_formula_.fib,1.0**(n + 1),0.03960847854614258,0.009012222290039062,0.018384695053100586,gammaTime,0.016,1.0,-T0 + x**3
66,gcd_.GCD,0.333333333333333*1.0**n*n,0.10719609260559082,0.007285118103027344,0.038114070892333984,genFuncTime,0.056,1.0,-T0 + x**3*(T0 + 1)
67,is_armstrong_.main,1.0**(n + 1)*n,0.2068784236907959,0.011964082717895508,0.12836098670959473,gammaTime,0.126,1.0,(-T0*x**2 + T0 - 2*x**5)/(x**2 - 1)
68,large_factorials_.main,0.0674014912557928*1.31088904491452**n,2.543705701828003,0.08189558982849121,1.7765440940856934,gammaTime,1.77,1.0,(-T0*(x**13 + x**12 + x**11 + x**10 - x**9 - 3*x**8 - 2*x**7 - x**6 + 2*x**5 + x**4 + 2*x**3 - 1) + x**3*(x**13 + x**12 + x**11 - x**9 - 3*x**8 - 2*x**7 - x**6 + 2*x**5 + x**4 + 2*x**3 - 1))/(x**13 + x**12 + x**11 + x**10 - x**9 - 3*x**8 - 2*x**7 - x**6 + 2*x**5 + x**4 + 2*x**3 - 1)
69,lcm_.lcm,0.333333333333333*1.0**n*n,0.16265654563903809,0.01031041145324707,0.08069539070129395,gammaTime,0.078,1.0,-T0 + x**3*(T0 + x**3)
70,lerp_.main,0.166666666666667*1.0**n*n,0.24974942207336426,0.02629542350769043,0.14965462684631348,gammaTime,0.147,1.0,(-T0*x**6 + T0 - x**3)/(x**6 - 1)
71,palindrome_.isPalindrome,0.5*1.0**n*n,0.16365885734558105,0.007123708724975586,0.09757733345031738,gammaTime,0.096,1.0,(-T0*x**2 + T0 - x**3)/(x**2 - 1)
72,prime_.isPrime,0.5*1.0**n*n,0.7783982753753662,0.01964545249938965,0.6072900295257568,gammaTime,0.604,1.0,(-T0*(x**3 - x**2 + x - 1) + x**3*(x**5 - x**4 + x**3 - x**2 - 1))/(x**3 - x**2 + x - 1)
73,prime_factoriziation_.int_fact,0.0487628347895028*1.32968650903901**n,2.7820799350738525,0.06986355781555176,2.2271084785461426,gammaTime,2.218,1.0,(-T0*x**9 - T0*x**8 - T0*x**6 - 2*T0*x**4 + T0 - x**20 - x**19 - x**17 + x**14 + x**13 + x**12 + x**11 + 4*x**10 + 3*x**8 + x**6 - x**4 - x**2)/(x**9 + x**8 + x**6 + 2*x**4 - 1)
74,prime_sieve_.prime,0.591228844028448*1.22074408460576**n,0.6453959941864014,0.03799033164978027,0.4313499927520752,gammaTime,0.427,1.0,(-T0*(x**4 + x**3 - 1) - x**5)/(x**4 + x**3 - 1)
75,strong_number_.isStrong,0.26623006591658*1.22074408460576**n,0.7190835475921631,0.041350603103637695,0.39115023612976074,gammaTime,0.388,1.0,(-T0*(x**4 + x**3 - 1) + x**3*(x**5 + x**4 + x**3 - x**2 - 1))/(x**4 + x**3 - 1)
76,even_odd_f2f_.is_even,0.333333333333333*1.0**n*n,0.16390275955200195,0.010928153991699219,0.08011031150817871,gammaTime,0.078,1.0,-T0 + x**3*(x**3*(T0 + 1) + 1)
77,palindrome_recursive_.palindrome_r,0.5*1.0**n*n,0.13591623306274414,0.009857654571533203,0.059487104415893555,genFuncTime,0.062,1.0,-T0 + x**3*(x*(T0 + 1) + 1)
78,partition_f2f_.partition,0.723606797749937*1.12783848556168**n,0.4654855728149414,0.06331729888916016,0.2002568244934082,gammaTime,0.196,1.0,(-T0*(x**8 + x**4 - 1) - x**6)/(x**8 + x**4 - 1)
