,graph_name,pythonBranchingAPC,pythonBranching_time,pythonBranchingMathTime,pythonBranchingFirstHalfTime,(python)longest for getrgf,(python)longest time,pythonBranchingCase,pythonBranchingGamma
0,bead_sort_.bead_sort,0.369749676356311*1.29646623878369**n,4.024796962738037,0.10216903686523438,3.0809998512268066,gammaTime,3.052,1.0,-T0 + x**2*(x**16 - 3*x**13 + 3*x**10 - x**7)/(x**19 + x**17 + x**15 + x**14 + 3*x**13 + 2*x**12 + 2*x**11 - 2*x**10 - 3*x**9 - 5*x**8 - x**7 - 2*x**6 + 2*x**5 + x**4 + 3*x**3 - 1)
1,binary_insertion_sort_.insertionSort,0.104279433436291*1.31757057715522**n,0.8971121311187744,0.05635714530944824,0.5237438678741455,gammaTime,0.518,1.0,(-T0*(x**9*(2*x + 1) - (x**2 - 1)*(2*x**5 - 1)) - x**3*(x**2 - 1)*(2*x**5 - 1))/(x**9*(2*x + 1) - (x**2 - 1)*(2*x**5 - 1))
2,bogo_sort_.bogo_sort,0.243026412699793*1.25114340025968**n,0.823209285736084,0.05096602439880371,0.5077862739562988,gammaTime,0.502,1.0,(-T0*x**9*(x + 1) + (x**3 - 1)*(T0*(x**3 - 1) + x**7*(x + 1)))/(x**9*(x + 1) - (x**3 - 1)**2)
3,bubble_sort_.bubbleSort,0.417237987926219*1.21060779440609**n,1.0271975994110107,0.12683486938476562,0.4773385524749756,gammaTime,0.473,1.0,(-T0*(x**8 + x**6 + x**4 - 1) + x**3*(x**8 - 1))/(x**8 + x**6 + x**4 - 1)
4,bubble_sort_2_.bubble_sort,0.173947223947289*1.29064880134671**n,0.5920023918151855,0.054749250411987305,0.32061219215393066,gammaTime,0.318,1.0,(-T0*(x**5 + 2*x**4 - 1) + x**3*(x**5 + x**4 - 1))/(x**5 + 2*x**4 - 1)
5,bubble_sort_recursion_.bubbleSort,0.532705379942536*1.21060779440609**n,0.7005887031555176,0.0480799674987793,0.3876209259033203,gammaTime,0.384,1.0,(-T0*x**8 - T0*x**6 - T0*x**4 + T0 + x**11 + x**7 - x**5 - x**3)/(x**8 + x**4 - 1)
6,bucket_sort_.BucketSort,0.0041669339408508*1.39320507989707**n,52.08099174499512,0.19791960716247559,46.844481468200684,gammaTime,46.827,1.0,(-2*T0*x**41 - 5*T0*x**40 - 8*T0*x**39 - 12*T0*x**38 - 21*T0*x**37 - 29*T0*x**36 - 28*T0*x**35 - 21*T0*x**34 - 20*T0*x**33 - 9*T0*x**32 + 20*T0*x**31 + 51*T0*x**30 + 55*T0*x**29 + 52*T0*x**28 + 63*T0*x**27 + 59*T0*x**26 + 12*T0*x**25 - 33*T0*x**24 - 43*T0*x**23 - 41*T0*x**22 - 65*T0*x**21 - 68*T0*x**20 - 26*T0*x**19 + 10*T0*x**18 + 16*T0*x**17 + 19*T0*x**16 + 38*T0*x**15 + 37*T0*x**14 + 11*T0*x**13 - T0*x**12 - 8*T0*x**10 - 16*T0*x**9 - 11*T0*x**8 + T0*x**7 + T0*x**6 - 2*T0*x**5 + 2*T0*x**4 + 4*T0*x**3 + 2*T0*x**2 - T0*x - T0 + 2*x**26 + 3*x**25 + 2*x**24 - x**23 - x**22 + 4*x**21 + 2*x**20 - 4*x**19 - 5*x**18 - x**17 + 2*x**16 + x**15)/(2*x**41 + 5*x**40 + 8*x**39 + 12*x**38 + 21*x**37 + 29*x**36 + 28*x**35 + 21*x**34 + 20*x**33 + 9*x**32 - 20*x**31 - 51*x**30 - 55*x**29 - 52*x**28 - 63*x**27 - 59*x**26 - 12*x**25 + 33*x**24 + 43*x**23 + 41*x**22 + 65*x**21 + 68*x**20 + 26*x**19 - 10*x**18 - 16*x**17 - 19*x**16 - 38*x**15 - 37*x**14 - 11*x**13 + x**12 + 8*x**10 + 16*x**9 + 11*x**8 - x**7 - x**6 + 2*x**5 - 2*x**4 - 4*x**3 - 2*x**2 + x + 1)
7,cocktail_sort_.cocktailSort,0.173608633704986*1.30592340577239**n,1.8257274627685547,0.07033848762512207,1.1228032112121582,gammaTime,1.118,1.0,(-T0*(x**9 + 3*x**8 + 4*x**7 + 3*x**6 + 3*x**5 + x**4 - x**3 - x**2 - x - 1) + x**3*(x**9 + 2*x**8 + 2*x**7 + 2*x**6 + 2*x**5 - x**3 - x**2 - x - 1))/(x**9 + 3*x**8 + 4*x**7 + 3*x**6 + 3*x**5 + x**4 - x**3 - x**2 - x - 1)
8,comb_sort_.sort,0.128204331859379*1.35320996419932**n,0.5649542808532715,0.03607010841369629,0.32117748260498047,gammaTime,0.319,1.0,(-T0*(2*x**4 + x**3 - 1) + x**3*(x**4 + x**3 - 1))/(2*x**4 + x**3 - 1)
9,counting_sort_.main,1.06732724481572*1.24874608115598**n,1.596766710281372,0.07543134689331055,1.0233380794525146,gammaTime,1.018,1.0,-T0 + x**7*(x + 1)/(x**14 + x**13 + x**10 + 2*x**9 + 3*x**8 + x**7 - x**6 - 3*x**5 - 3*x**4 - x**3 + x + 1)
10,cycle_sort_.cycleSort,0.039284965877196*1.35597563564677**n,4.651587247848511,0.12787985801696777,3.5821094512939453,gammaTime,3.574,1.0,(-T0*(x**20 + x**19 + x**17 + 2*x**16 + x**15 - x**12 - 2*x**11 + x**10 + 2*x**9 + 2*x**8 + x**7 + x**6 - 2*x**5 - 2*x**4 - x**2 + 1) + x**3*(x**16 + x**15 - 2*x**11 + 2*x**9 + x**8 + x**7 + 2*x**6 - 2*x**5 - 2*x**4 - x**2 + 1))/(x**20 + x**19 + x**17 + 2*x**16 + x**15 - x**12 - 2*x**11 + x**10 + 2*x**9 + 2*x**8 + x**7 + x**6 - 2*x**5 - 2*x**4 - x**2 + 1)
11,gnome_sort_.sort,0.527997910385537*1.24985158886433**n,0.41477417945861816,0.034240007400512695,0.1946413516998291,gammaTime,0.192,1.0,(-T0*(x**6 + x**5 + x**4 - 1) - x**3)/(x**6 + x**5 + x**4 - 1)
12,heap_sort_.heapsort,0.0701906659058742*1.34582785872077**n,1.3306958675384521,0.07240104675292969,0.7662739753723145,gammaTime,0.761,1.0,(-T0*x**6*(x**5 + x**4 + x**3 + 1) - (T0 - x**3)*(x**9 + 2*x**8 + 2*x**7 + x**6 - 1))/(x**9 + 2*x**8 + 2*x**7 + x**6*(x**5 + x**4 + x**3 + 1) + x**6 - 1)
13,heap_sort_2_.heapSort,0.531426478625439*1.22074408460569**n,4.152249813079834,0.15374207496643066,2.184443712234497,gammaTime,2.175,1.0,-T0 + x*(x**5/(x**13*(x + 1)*(x**8 + x**7 + x**6 + x**3)/((x**7 + x**6 - 1)*(x**10 + x**9 + x**8 - 1)) + x**7*(x + 1)/(x**7 + x**6 - 1) + x**6*(x**8 + x**7 + x**6 + x**3)/(x**10 + x**9 + x**8 - 1) + 1) + x**2)
14,insertion_sort_.insertionSort,0.106459179366085*1.34844773121226**n,0.784125566482544,0.04787039756774902,0.40009069442749023,gammaTime,0.397,1.0,(-T0*(x**7 + x**6 + x**4 + x**3 - 1) + x**3*(x**4 + x**3 - 1))/(x**7 + x**6 + x**4 + x**3 - 1)
15,insertion_sort_recursive_.RecursionInsertionSort,0.106459179366085*1.34844773121226**n,0.5597057342529297,0.025982141494750977,0.3117952346801758,gammaTime,0.308,1.0,(-T0*x**7 - T0*x**6 - T0*x**4 - T0*x**3 + T0 + x**7 + x**6 - x**3)/(x**4 + x**3 - 1)
16,merge_sort_.merge_sort,1.37031143681497**n,3.4032046794891357,case 2,2.2082014083862305,gammaTime,2.198,2.0,-T0 + x**4*(-T0**2*x**3*(-2*x**10 + 2*x**9 + 2*x**8 + 2*x**7 - 2*x**5 + x**4 - x**3 - x + 1)/(2*x**10 - 2*x**8 - 2*x**7 + 2*x**5 - x**4 + x**3 + x - 1) + x**4 + 2)
17,merge_sort_nr_.mergesort,0.00617030003416683*1.40534464002752**n,4.4810638427734375,0.11976456642150879,3.401470899581909,gammaTime,3.389,1.0,(-T0*(-2*x**17 - 2*x**16 + 2*x**15 + 2*x**14 + x**11 - x**9 + (x**3 - 1)*(2*x**13 + 2*x**12 + 4*x**11 + 2*x**10 - 2*x**9 - 4*x**8 - 2*x**7 + 2*x**6 + x**5 + x**3 + x**2 - 1)) + x**3*(x**3 - 1)*(2*x**13 + 2*x**12 + 4*x**11 + 2*x**10 - 2*x**9 - 4*x**8 - 2*x**7 + 2*x**6 + x**5 + x**3 + x**2 - 1))/(-2*x**17 - 2*x**16 + 2*x**15 + 2*x**14 + x**11 - x**9 + (x**3 - 1)*(2*x**13 + 2*x**12 + 4*x**11 + 2*x**10 - 2*x**9 - 4*x**8 - 2*x**7 + 2*x**6 + x**5 + x**3 + x**2 - 1))
18,multikey_quick_sort_.ssort1main,1.46339257546651**n,113.62129831314087,case 2,6.3133556842803955,realnrootsTime,54.834,2.0,(-T0*(x**2 - 1)**2*(x**12 + 4*x**11 + 5*x**10 + 2*x**9 - 2*x**6 - 4*x**5 - 2*x**4 + 1) + x**6*(4*T0**2*x**12*(2*T0*x + T0 + x**2*(T0 + x**2 + 2*x + 1)) + (x**2 - 1)**2*(x**12 + 4*x**11 + 5*x**10 + 2*x**9 - 2*x**6 - 4*x**5 - 2*x**4 + 1)))/((x**2 - 1)**2*(x**12 + 4*x**11 + 5*x**10 + 2*x**9 - 2*x**6 - 4*x**5 - 2*x**4 + 1))
19,odd_even_sort_.oddEvenSort,0.114898719951153*1.27626665576065**n,1.5286970138549805,0.08854055404663086,1.0285723209381104,gammaTime,1.023,1.0,-T0 + x**2*(T0*x**4/(x**16 + 2*x**12 - x**8 - 2*x**4 + 1) + x)
20,pancake_sort_.pancakeSort,0.0957420817727813*1.2878033636613**n,1.213956356048584,0.07544088363647461,0.6281514167785645,gammaTime,0.623,1.0,-T0 + x**3/(x**14/((x**2 - 1)**2*(x**5 + x**4 - 1)) + x**7/(x**5 + x**4 - 1) + 1)
21,partition_sort_.partitionSort,1.29602933651131**n,1.0143744945526123,case 2,0.651472806930542,gammaTime,0.647,2.0,-T0 - x**2*(T0**2*x**10/(x**11 - x**4 + 2*x**2 - 1) - 1)
22,patience_sort_.patienceSort,0.117948019318271*1.34114339071402**n,4.967539548873901,0.09778666496276855,3.8999969959259033,gammaTime,3.89,1.0,-T0 + x**9*(x**7 + 2*x**6 + 2*x**5 + x**4 - x - 1)/(x**18 + 2*x**17 + 3*x**16 + x**15 - 2*x**14 - 4*x**13 - 5*x**12 - 4*x**11 - 5*x**10 - 3*x**9 - x**8 + x**7 + 2*x**6 + 2*x**5 + 3*x**4 + 2*x**3 - x - 1)
23,pigeonhole_sort_.pigeonholeSort,2.39559553906698*1.26277545299632**n,2.551262140274048,0.0893545150756836,1.5988118648529053,gammaTime,1.593,1.0,-T0 - x**9*(x + 1)/(x**17 + 3*x**16 + 4*x**15 + 3*x**14 + x**13 - x**12 - 4*x**11 - 8*x**10 - 7*x**9 - 2*x**8 + 3*x**7 + 3*x**6 + 2*x**5 + 2*x**4 + 2*x**3 - x - 1)
24,quick_sort_.quickSort,1.23616310201623**n,0.5266575813293457,case 2,0.34089183807373047,gammaTime,0.335,2.0,(-T0*(x**8 + x**4 - 1) + x**2*(-T0**2*x**7 + x**8 + x**4 - 1))/(x**8 + x**4 - 1)
25,radix_sort_.RadixSort,0.163860778365951*1.28181627072238**n,3.216369390487671,0.11944341659545898,2.237074613571167,gammaTime,2.227,1.0,(-T0*(x**5 + x**4 - 1)*(2*x**12 + 2*x**11 + x**10 - x**9 - 2*x**8 - 3*x**7 - 2*x**6 + x**5 + 3*x**4 + 3*x**3 - x - 1) + x**8*(x**10 + x**9 + 2*x**8 - 3*x**5 - 2*x**4 - 2*x**3 + x**2 + x + 1))/((x**5 + x**4 - 1)*(2*x**12 + 2*x**11 + x**10 - x**9 - 2*x**8 - 3*x**7 - 2*x**6 + x**5 + 3*x**4 + 3*x**3 - x - 1))
26,radix_sort_2_.radixsort2,0.101456341927512*1.27284277900789**n,1.1591510772705078,0.08170485496520996,0.75180983543396,gammaTime,0.746,1.0,(-T0*x**11 + (T0 - x**3)*(x**3 - 1)**4)/(x**11 - (x**3 - 1)**4)
27,random_quick_sort_.random_quick,1.30640546411564**n,2.0662596225738525,case 2,1.1727864742279053,gammaTime,1.163,2.0,(T0**2*x**16*(-x**5 - x**4 - 2*x**2 - 2*x - 1) - (T0 - x**3)*(x**13 - (x**3 - x**2 + x - 1)**2))/(x**13 - (x**3 - x**2 + x - 1)**2)
28,selection_sort_.selectionSort,0.136868029964744*1.27404951985022**n,0.9067292213439941,0.049451351165771484,0.48657822608947754,gammaTime,0.483,1.0,(-T0*(x**10 + x**6 + x**5 + x**4 - 1) + x**3*(x**5 + x**4 - 1))/(x**10 + x**6 + x**5 + x**4 - 1)
29,selection_sort_recursive_.selectionSort,0.126226716088359*1.25738147630109**n,0.744560718536377,0.07330489158630371,0.26031947135925293,genFuncTime,0.292,1.0,(-T0*(x**5 + x**4 - 1) + x**3*(-T0*x**4*(x**4 + 1) + x**5 + x**4 - 1))/(x**5 + x**4 - 1)
30,shaker_sort_.shakersort,0.122537298997777*1.25986094258467**n,1.7291059494018555,0.1020362377166748,1.107633113861084,gammaTime,1.102,1.0,-T0 + x**2*(T0*x**5/(x**16 + 2*x**12 - x**8 - 2*x**4 + 1) + x)
31,shell_sort_.shellSort,0.0857024477555051*1.26151684096538**n,1.4504671096801758,0.06527900695800781,0.9803409576416016,gammaTime,0.976,1.0,(-T0*(-x**13 - x**12 + x**8 + 2*x**7 + x**6 + x**5 - 1) + x**3*(x**8 + 2*x**7 + x**6 - 1))/(-x**13 - x**12 + x**8 + 2*x**7 + x**6 + x**5 - 1)
32,shell_sort2_.shell_sort,0.040929564523023*1.32471795724478**n,1.107208251953125,0.06516718864440918,0.7086031436920166,gammaTime,0.705,1.0,(-T0*(-x**10 - x**9 + x**7 + x**6 + 2*x**5 + x**4 - 1) + x**3*(x**7 + x**6 + x**5 + x**4 - 1))/(-x**10 - x**9 + x**7 + x**6 + 2*x**5 + x**4 - 1)
33,stooge_sort_.stoogesort,1.34707687617538**n,0.9297749996185303,case 2,0.08524560928344727,realnrootsTime,0.435,2.0,-T0 + x**4*(T0**3 + 1)*(x + 1)
34,binary_search_.binarysearch2,3.0*1.12246204830937**n,0.45723915100097656,0.1185159683227539,0.23229765892028809,gammaTime,0.228,1.0,(-2*T0*x**6 + T0 - x**6 - x**5 - x**4)/(2*x**6 - 1)
35,binary_search_.binarysearch1,2.0*1.14869835499704**n,0.3708059787750244,0.11950182914733887,0.0829780101776123,genFuncTime,0.143,1.0,-T0 + x**3*(x*(2*T0*x + 1) + 1)
36,exponential_search_.exponential_search,5.00647414679339*1.22074408460576**n,1.019984483718872,0.08571672439575195,0.5942776203155518,gammaTime,0.589,1.0,(x**12*(x + 1) + 2*x**11*(x + 1) + x**10*(x + 1) - (2*x**5 - 1)*(T0*x**4 + T0*x**3 - T0 - x**7 - x**6 + x**3))/((2*x**5 - 1)*(x**4 + x**3 - 1))
37,fibonacci_search_.fibMonaccianSearch,2.33520478818276*1.22250978747803**n,0.9059810638427734,0.06507229804992676,0.5908899307250977,gammaTime,0.585,1.0,(-T0*(2*x**10 - 2*x**6 - x**2 + 1) + x**7*(2*x**3 + 2*x + 1))/(2*x**10 - 2*x**6 - x**2 + 1)
38,floyd_cycle_detection_algorithm_.duplicateNumber,0.125*1.0**n*n**2,0.5627546310424805,0.020230531692504883,0.410555362701416,gammaTime,0.407,1.0,(-T0*(x**4 - 2*x**2 + 1) + x**3*(x**5 + x**4 - 2*x**2 + 1))/(x**4 - 2*x**2 + 1)
39,interpolation_search_.interpolationSearch,0.65579051314241*1.30238763446289**n,0.9114117622375488,0.058442115783691406,0.44945693016052246,gammaTime,0.445,1.0,(-T0*(x**9 + x**8 + 2*x**7 + x**6 + x**5 - 1) + x**5*(-x**4 - x**3 - 2*x**2 - x - 1))/(x**9 + x**8 + 2*x**7 + x**6 + x**5 - 1)
40,jump_search_.jump_search,0.599999999999999*1.14869835499704**n*n,1.0800387859344482,0.1526329517364502,0.7767457962036133,gammaTime,0.771,1.0,(-T0*(4*x**10 - 4*x**5 + 1) + x**7*(-4*x**5 + 4*x**4 + 4*x**2 + 2))/(4*x**10 - 4*x**5 + 1)
41,linear_search_.linearsearch,0.5*1.0**n*n,0.2964956760406494,0.01647782325744629,0.1841416358947754,gammaTime,0.182,1.0,(-T0*(x**3 - x**2 + x - 1) - x**4)/(x**3 - x**2 + x - 1)
42,modified_binary_search_.modifiedBinarySearch,0.375*1.12246204830937**n*n,1.5364384651184082,0.21275734901428223,1.0298497676849365,gammaTime,1.017,1.0,(-4*T0*x**12 + 4*T0*x**6 - T0 + 2*x**20 + 4*x**19 + 3*x**18 + x**17 + x**15 - 3*x**14 - 2*x**13 - 4*x**12 + 2*x**8 + x**7 + 2*x**6)/(4*x**12 - 4*x**6 + 1)
43,other_binary_search_.binarySearch,2.0*1.12246204830937**n,0.35826969146728516,0.08237361907958984,0.1941666603088379,gammaTime,0.191,1.0,(-2*T0*x**6 + T0 - x**5 - x**4)/(2*x**6 - 1)
44,sentinel_linear_search_.sentinel_linear_search,1.0**(n + 1)*n,0.32048869132995605,0.01885533332824707,0.19844436645507812,gammaTime,0.196,1.0,(-T0*x**2 + T0 - 2*x**7 + x**5 - x**3)/(x**2 - 1)
45,ternary_search_.ternarySearch,1.54802136333746*1.17969389074151**n,0.41798949241638184,0.043613433837890625,0.1555166244506836,genFuncTime,0.166,1.0,-T0 + x**3*(x*(x*(T0*x*(2*x + 1) + 1) + 1) + 1)
46,boyer_moore_search_.boyer_moore_search,0.0452772335377073*1.37600253791232**n,1.8342077732086182,0.09102272987365723,1.0578618049621582,gammaTime,1.051,1.0,(-T0*(x**6 - 2*x**3 + 1)*(2*x**11 + 4*x**10 + 2*x**9 + x**4 + x**3 - 1) + x**8*(x**4 + x**3 - 1))/((x**6 - 2*x**3 + 1)*(2*x**11 + 4*x**10 + 2*x**9 + x**4 + x**3 - 1))
47,naive_search_.naive_search,0.223305074822621*1.28519903324544**n,0.607764482498169,0.034511566162109375,0.33856892585754395,gammaTime,0.335,1.0,(-T0*(x**6 + x - 1) + x**3*(x - 1))/(x**6 + x - 1)
48,rabin_karp_search_.rabin_karp_search,0.185418826032106*1.32471795724478**n,1.8875937461853027,0.06572556495666504,1.3044774532318115,gammaTime,1.298,1.0,-T0 + x**7/(x**15 + 2*x**14 + 2*x**13 - x**12 - 3*x**11 - 2*x**10 + x**9 + 2*x**8 - x**5 - 2*x**3 + 1)
49,dijkstra_.dijkstra,0.0261473140648364*1.24759109662736**n,2.3402905464172363,0.09773588180541992,1.6527440547943115,gammaTime,1.645,1.0,-T0 - x**8*(x**7 + x**6 + x**4 - 1)/(x**18 + x**17 + x**15 + 2*x**14 + x**13 + x**12 + x**11 - x**10 - x**8 - 2*x**7 - x**6 - x**4 + 1)
50,prim_.prim,0.0430092029804531*1.3438087008139**n,2.7671709060668945,0.09418654441833496,1.9584760665893555,gammaTime,1.951,1.0,(-T0*(x**14 + x**13 - x**11 - x**10 - x**8 + x**5 + (x**5 + x**4 - 1)*(x**9 + x**8 + x**7 - x**6 - x**5 - x**4 - x**3 + 1)) + x**5*(-x**11 - x**10 - x**9 + x**5 - (x**5 + x**4 - 1)*(x**6 + x**5 + x**4 - 1)))/(x**14 + x**13 - x**11 - x**10 - x**8 + x**5 + (x**5 + x**4 - 1)*(x**9 + x**8 + x**7 - x**6 - x**5 - x**4 - x**3 + 1))
51,lcs_.lcsbuild,0.229931454099601*1.30793010592736**n,0.9046809673309326,0.05367422103881836,0.49535584449768066,gammaTime,0.491,1.0,(-T0*(2*x**8 + 2*x**7 + x**6 + x**5 - 1) + x**3*(2*x**8 + 2*x**7 + x**6 + x**5 - x**4 - x**3 - 1))/(2*x**8 + 2*x**7 + x**6 + x**5 - 1)
52,matrix_chain_order_.matrixChainOrder,0.0692422378637588*1.29707968347547**n,3.4224345684051514,0.08541440963745117,2.3434906005859375,gammaTime,2.336,1.0,-T0 + x**2*(2*x**12 + x**11 - x**7)/(x**19 + x**18 - 3*x**16 - 3*x**15 - 3*x**14 + 2*x**13 + 3*x**12 + 9*x**11 + 2*x**10 - 9*x**8 - 3*x**7 - 3*x**6 + 3*x**5 + x**4 + 3*x**3 - 1)
53,armstrong_number_.isArmstrong,1.34590019263237**n,133.09742712974548,case 2,0.6684927940368652,realnrootsTime,67.623,2.0,-T0*(T0*(x**2 - 1)*(T0*(x**2 - 1) + 2*x**8) - x**2*(T0**2*x**3*(x**2 - 1)**2 + 2*(T0*(x**2 - 1) + 2*x**8)**2))/(T0**2*(x**2 - 1)**2 - x**2*(T0**2*x**3*(x**2 - 1)**2 + 2*(T0*(x**2 - 1) + 2*x**8)**2))
54,cantor_set_.main,0.246368042775306*1.22920767830819**n,2.384211540222168,0.10822010040283203,1.568462610244751,gammaTime,1.562,1.0,(-T0*(x**5 - 1)*(x**9 - (x**2 - 1)*(x**3 - 1)) + 2*x**5*(-x**10*(x + 1)*(x**3 - 1) + (x**5 - 1)*(x**11 + x**10 + x**9 - (x**2 - 1)*(x**3 - 1)*(x**2 + x + 1))))/((x**5 - 1)*(x**9 - (x**2 - 1)*(x**3 - 1)))
55,cartesian_to_polar_.to_polar,108.0*1.0**n,0.7546625137329102,0.032340049743652344,0.5867006778717041,gammaTime,0.578,1.0,-T0 + x**5*(4*x**17 + 14*x**16 + 18*x**15 + 14*x**14 + 13*x**13 + 11*x**12 + 8*x**11 + 5*x**10 + x**9 + 3*x**8 + 5*x**7 + x**5 + 6*x**4 + 2*x**3 + 2*x + 1)
56,catalan_.main,0.00617283950617284*1.0**n*n**3,0.2784113883972168,0.029598474502563477,0.17462801933288574,gammaTime,0.172,1.0,-T0 - x**12/(x**3 - 1)**3
57,collatz_.main,1.0*1.18920711500272**n,0.3605351448059082,0.026955366134643555,0.26652002334594727,gammaTime,0.264,1.0,(-2*T0*x**4 + T0 - 2*x**5)/(2*x**4 - 1)
58,euclidean_algorithm_extended_.extended_euclidean_algorithm,0.142857142857143*1.0**n*n,0.5255217552185059,0.06121063232421875,0.3376290798187256,gammaTime,0.334,1.0,(-T0*x**14 + T0 - x**5 - x**4)/(x**14 - 1)
59,factorial_.main,0.135387609239746*1.26655954340542**n,1.1805641651153564,0.05163264274597168,0.7538695335388184,gammaTime,0.748,1.0,(-T0*(x**7 - x**5 + x**3 + x**2 - 1) + x**3*(x**7 + x**6 - x**5 - x**4 + x**3 + x**2 - 1))/(x**7 - x**5 + x**3 + x**2 - 1)
60,factorial_large_number_.main,0.0393544238328279*1.2626039468039**n,2.228605031967163,0.09375214576721191,1.4804654121398926,gammaTime,1.472,1.0,(-T0*(-x**11 + x**8 + (x**3 - 1)*(2*x**9*(x**3 + 1) - 2*x**5 - x**4*(x**3 + 1) + 1)) + 2*x**13*(-2*x**9*(x**3 + 1) + 2*x**5 + x**4*(x**3 + 1) - 1))/(-x**11 + x**8 + (x**3 - 1)*(2*x**9*(x**3 + 1) - 2*x**5 - x**4*(x**3 + 1) + 1))
61,factorial_trailing_zeroes_.main,0.25*1.0**n*n,0.1950092315673828,0.009708642959594727,0.12152910232543945,gammaTime,0.119,1.0,(-T0*x**4 + T0 - x**4)/(x**4 - 1)
62,fibonacci_.fib,1.34276985357042**n,0.12837696075439453,case 2,0.09125423431396484,gammaTime,0.089,2.0,-T0 + x**2*(x**2*(x*(T0**2 + 1) + 1) + 1)
63,fibonacci_dp_.fib,0.333333333333333*1.0**n*n,0.25589966773986816,0.020843982696533203,0.14385986328125,gammaTime,0.142,1.0,(-T0*x**3 + T0 + x**5 - x**4 - x**2)/(x**3 - 1)
64,fibonacci_fast_.fib,0.529179712232089*1.28854058617506**n,0.34470629692077637,0.028269290924072266,0.13503003120422363,genFuncTime,0.146,1.0,-T0 + x**4*(x + 1)*(2*T0*x + 1)
65,fibonacci_formula_.fib,1.0**(n + 1),0.03680014610290527,0.00894927978515625,0.01610541343688965,gammaTime,0.015,1.0,-T0 + x**3
66,gcd_.GCD,0.333333333333333*1.0**n*n,0.10789680480957031,0.007926702499389648,0.03901815414428711,genFuncTime,0.055,1.0,-T0 + x**3*(T0 + 1)
67,is_armstrong_.main,1.0**(n + 1)*n,0.20203113555908203,0.010541677474975586,0.12708282470703125,gammaTime,0.125,1.0,(-T0*x**2 + T0 - 2*x**5)/(x**2 - 1)
68,large_factorials_.main,0.0674014912557928*1.31088904491452**n,2.719045400619507,0.08527016639709473,1.8314902782440186,gammaTime,1.825,1.0,(-T0*(x**13 + x**12 + x**11 + x**10 - x**9 - 3*x**8 - 2*x**7 - x**6 + 2*x**5 + x**4 + 2*x**3 - 1) + x**3*(x**13 + x**12 + x**11 - x**9 - 3*x**8 - 2*x**7 - x**6 + 2*x**5 + x**4 + 2*x**3 - 1))/(x**13 + x**12 + x**11 + x**10 - x**9 - 3*x**8 - 2*x**7 - x**6 + 2*x**5 + x**4 + 2*x**3 - 1)
69,lcm_.lcm,0.333333333333333*1.0**n*n,0.15232205390930176,0.010034799575805664,0.07866573333740234,gammaTime,0.076,1.0,-T0 + x**3*(T0 + x**3)
70,lerp_.main,0.166666666666667*1.0**n*n,0.24328112602233887,0.02431797981262207,0.14133191108703613,gammaTime,0.139,1.0,(-T0*x**6 + T0 - x**3)/(x**6 - 1)
71,palindrome_.isPalindrome,0.5*1.0**n*n,0.17253589630126953,0.007030010223388672,0.0934145450592041,gammaTime,0.092,1.0,(-T0*x**2 + T0 - x**3)/(x**2 - 1)
72,prime_.isPrime,0.5*1.0**n*n,0.6260316371917725,0.018246173858642578,0.46395134925842285,gammaTime,0.461,1.0,(-T0*(x**3 - x**2 + x - 1) + x**3*(x**5 - x**4 + x**3 - x**2 - 1))/(x**3 - x**2 + x - 1)
73,prime_factoriziation_.int_fact,0.0487628347895028*1.32968650903901**n,2.328751564025879,0.06880450248718262,1.8278043270111084,gammaTime,1.819,1.0,(-T0*x**9 - T0*x**8 - T0*x**6 - 2*T0*x**4 + T0 - x**20 - x**19 - x**17 + x**14 + x**13 + x**12 + x**11 + 4*x**10 + 3*x**8 + x**6 - x**4 - x**2)/(x**9 + x**8 + x**6 + 2*x**4 - 1)
74,prime_sieve_.prime,0.591228844028448*1.22074408460576**n,0.6373891830444336,0.04279613494873047,0.42104148864746094,gammaTime,0.417,1.0,(-T0*(x**4 + x**3 - 1) - x**5)/(x**4 + x**3 - 1)
75,strong_number_.isStrong,0.26623006591658*1.22074408460576**n,0.62148118019104,0.0400238037109375,0.37392520904541016,gammaTime,0.371,1.0,(-T0*(x**4 + x**3 - 1) + x**3*(x**5 + x**4 + x**3 - x**2 - 1))/(x**4 + x**3 - 1)
76,even_odd_f2f_.is_even,0.333333333333333*1.0**n*n,0.17694735527038574,0.011204719543457031,0.08426666259765625,gammaTime,0.082,1.0,-T0 + x**3*(x**3*(T0 + 1) + 1)
77,palindrome_recursive_.palindrome_r,0.5*1.0**n*n,0.13432574272155762,0.009559392929077148,0.059652090072631836,genFuncTime,0.06,1.0,-T0 + x**3*(x*(T0 + 1) + 1)
78,partition_f2f_.partition,0.723606797749937*1.12783848556168**n,0.4851527214050293,0.08542513847351074,0.20347833633422852,gammaTime,0.201,1.0,(-T0*(x**8 + x**4 - 1) - x**6)/(x**8 + x**4 - 1)
